test,level,n,up,down
pin,q<=0.05,6,"A1,A2,A4,A9,B12,B13",
pin,q<=0.10,7,"A1,A2,A4,A9,B8,B12,B13",
pin,q<=0.20,8,"A1,A2,A4,A9,B8,B12,B13",B10
pin,p<=0.05,8,"A1,A2,A4,A9,B8,B12,B13",B10
pin,p<=0.01,6,"A1,A2,A4,A9,B12,B13",
heat,q<=0.05,6,"A1,A2,B2,B12","B7,B10"
heat,q<=0.10,8,"A1,A2,B2,B12","B5,B6,B7,B10"
heat,q<=0.20,14,"A1,A2,A3,A12,B2,B4,B12,B18","B5,B6,B7,B10,B14,B15"
heat,p<=0.05,10,"A1,A2,B2,B12","B5,B6,B7,B10,B14,B15"
heat,p<=0.01,6,"A1,A2,B2,B12","B7,B10"
paw_withdrawal,q<=0.05,9,"A1,A2,A4,A9,B2,B4,B12","B7,B10"
paw_withdrawal,q<=0.10,12,"A1,A2,A4,A9,B2,B4,B8,B12,B13","B7,B10,B15"
paw_withdrawal,q<=0.20,14,"A1,A2,A4,A9,B2,B4,B8,B12,B13,B18","B3,B7,B10,B15"
paw_withdrawal,p<=0.05,12,"A1,A2,A4,A9,B2,B4,B8,B12,B13","B7,B10,B15"
paw_withdrawal,p<=0.01,8,"A1,A2,A4,A9,B2,B4,B12",B7
flinch,q<=0.05,9,"A1,A2,A4,B2,B4,B12,B13,B18",B7
flinch,q<=0.10,10,"A1,A2,A4,B2,B4,B8,B12,B13,B18",B7
flinch,q<=0.20,10,"A1,A2,A4,B2,B4,B8,B12,B13,B18",B7
flinch,p<=0.05,10,"A1,A2,A4,B2,B4,B8,B12,B13,B18",B7
flinch,p<=0.01,8,"A1,A2,A4,B2,B4,B12,B13",B7
escape,q<=0.05,1,B15,
escape,q<=0.10,1,B15,
escape,q<=0.20,1,B15,
escape,p<=0.05,6,"A12,B5,B7,B14,B15,B16",
escape,p<=0.01,1,B15,
pin_epoch,q<=0.05,2,"A1,A4",
pin_epoch,q<=0.10,2,"A1,A4",
pin_epoch,q<=0.20,2,"A1,A4",
pin_epoch,p<=0.05,4,"A1,A4,A9",B7
pin_epoch,p<=0.01,2,"A1,A4",
heat_epoch,q<=0.05,4,"A1,A4,B12",B7
heat_epoch,q<=0.10,4,"A1,A4,B12",B7
heat_epoch,q<=0.20,5,"A1,A4,B2,B12",B7
heat_epoch,p<=0.05,5,"A1,A4,B2,B12",B7
heat_epoch,p<=0.01,4,"A1,A4,B12",B7
escape_in,q<=0.05,4,"B7,B14,B15,B16",
escape_in,q<=0.10,6,"A12,B7,B13,B14,B15,B16",
escape_in,q<=0.20,6,"A12,B7,B13,B14,B15,B16",
escape_in,p<=0.05,6,"A12,B7,B13,B14,B15,B16",
escape_in,p<=0.01,4,"B7,B14,B15,B16",
grid:pin,q<=0.05,10,A1,
grid:pin,q<=0.05,10,,B7
grid:pin,q<=0.05,7,A2,
grid:pin,q<=0.05,5,A4,
grid:pin,q<=0.05,5,B13,
grid:pin,q<=0.05,4,A9,
grid:pin,q<=0.05,4,B12,
grid:pin,q<=0.05,1,B11,
grid:pin,q<=0.10,12,A1,
grid:pin,q<=0.10,11,,B7
grid:pin,q<=0.10,8,A2,
grid:pin,q<=0.10,8,A4,
grid:pin,q<=0.10,7,A9,
grid:pin,q<=0.10,7,B13,
grid:pin,q<=0.10,6,B12,
grid:pin,q<=0.10,2,B8,
grid:pin,q<=0.10,1,,B10
grid:pin,q<=0.10,1,B11,
grid:pin,q<=0.10,1,,B16
grid:pin,q<=0.10,1,B18,
grid:pin,q<=0.20,13,A1,
grid:pin,q<=0.20,12,,B7
grid:pin,q<=0.20,9,A2,
grid:pin,q<=0.20,9,A9,
grid:pin,q<=0.20,9,B12,
grid:pin,q<=0.20,8,A4,
grid:pin,q<=0.20,7,B13,
grid:pin,q<=0.20,3,B11,
grid:pin,q<=0.20,3,B18,
grid:pin,q<=0.20,2,B2,
grid:pin,q<=0.20,2,B8,
grid:pin,q<=0.20,2,,B15
grid:pin,q<=0.20,2,,B16
grid:pin,q<=0.20,1,A3,
grid:pin,q<=0.20,1,A12,
grid:pin,q<=0.20,1,B1,
grid:pin,q<=0.20,1,,B3
grid:pin,q<=0.20,1,B6,
grid:pin,q<=0.20,1,B9,
grid:pin,q<=0.20,1,,B10
grid:pin,p<=0.05,15,A1,
grid:pin,p<=0.05,12,,B7
grid:pin,p<=0.05,10,B12,
grid:pin,p<=0.05,9,A2,
grid:pin,p<=0.05,9,A9,
grid:pin,p<=0.05,8,A4,
grid:pin,p<=0.05,7,B13,
grid:pin,p<=0.05,3,A8,
grid:pin,p<=0.05,3,B18,
grid:pin,p<=0.05,2,B8,
grid:pin,p<=0.05,2,B11,
grid:pin,p<=0.05,2,,B16
grid:pin,p<=0.05,1,A3,
grid:pin,p<=0.05,1,,A5
grid:pin,p<=0.05,1,A7,
grid:pin,p<=0.05,1,B1,
grid:pin,p<=0.05,1,,B10
grid:pin,p<=0.05,1,,B15
grid:pin,p<=0.01,12,A1,
grid:pin,p<=0.01,11,,B7
grid:pin,p<=0.01,7,A2,
grid:pin,p<=0.01,6,A4,
grid:pin,p<=0.01,6,B12,
grid:pin,p<=0.01,5,A9,
grid:pin,p<=0.01,5,B13,
grid:pin,p<=0.01,1,B11,
grid:heat,q<=0.05,12,A1,
grid:heat,q<=0.05,12,B12,
grid:heat,q<=0.05,4,B2,
grid:heat,q<=0.05,3,,B7
grid:heat,q<=0.05,2,A2,
grid:heat,q<=0.05,2,,B6
grid:heat,q<=0.05,2,,B14
grid:heat,q<=0.05,1,A4,
grid:heat,q<=0.05,1,,B10
grid:heat,q<=0.05,1,B13,
grid:heat,q<=0.05,1,,B16
grid:heat,q<=0.10,13,A1,
grid:heat,q<=0.10,13,B12,
grid:heat,q<=0.10,4,A2,
grid:heat,q<=0.10,4,B2,
grid:heat,q<=0.10,4,,B7
grid:heat,q<=0.10,3,A4,
grid:heat,q<=0.10,3,B4,
grid:heat,q<=0.10,3,,B14
grid:heat,q<=0.10,2,,B5
grid:heat,q<=0.10,2,,B6
grid:heat,q<=0.10,2,,B15
grid:heat,q<=0.10,2,,B16
grid:heat,q<=0.10,1,,A11
grid:heat,q<=0.10,1,A12,
grid:heat,q<=0.10,1,,B10
grid:heat,q<=0.10,1,B13,
grid:heat,q<=0.10,1,B18,
grid:heat,q<=0.20,15,B12,
grid:heat,q<=0.20,14,A1,
grid:heat,q<=0.20,8,B2,
grid:heat,q<=0.20,7,A4,
grid:heat,q<=0.20,7,B4,
grid:heat,q<=0.20,5,A2,
grid:heat,q<=0.20,5,,B7
grid:heat,q<=0.20,4,,B6
grid:heat,q<=0.20,3,,B14
grid:heat,q<=0.20,3,,B16
grid:heat,q<=0.20,3,B18,
grid:heat,q<=0.20,2,A12,
grid:heat,q<=0.20,2,,B5
grid:heat,q<=0.20,2,,B15
grid:heat,q<=0.20,1,A9,
grid:heat,q<=0.20,1,,A11
grid:heat,q<=0.20,1,,B10
grid:heat,q<=0.20,1,B13,
grid:heat,p<=0.05,15,A1,
grid:heat,p<=0.05,15,B12,
grid:heat,p<=0.05,8,B2,
grid:heat,p<=0.05,8,B4,
grid:heat,p<=0.05,6,A4,
grid:heat,p<=0.05,5,A2,
grid:heat,p<=0.05,5,,B6
grid:heat,p<=0.05,5,,B7
grid:heat,p<=0.05,3,A12,
grid:heat,p<=0.05,3,,B14
grid:heat,p<=0.05,2,A9,
grid:heat,p<=0.05,2,,B5
grid:heat,p<=0.05,2,B13,
grid:heat,p<=0.05,2,,B15
grid:heat,p<=0.05,2,,B16
grid:heat,p<=0.05,2,B18,
grid:heat,p<=0.05,1,,A11
grid:heat,p<=0.05,1,,B10
grid:heat,p<=0.01,14,A1,
grid:heat,p<=0.01,14,B12,
grid:heat,p<=0.01,4,B2,
grid:heat,p<=0.01,4,,B7
grid:heat,p<=0.01,3,A2,
grid:heat,p<=0.01,2,A4,
grid:heat,p<=0.01,2,,B6
grid:heat,p<=0.01,2,,B14
grid:heat,p<=0.01,1,B13,
grid:heat,p<=0.01,1,,B16
