plane,uid,anat,usable,t1_pin,t1_pin_p,t1_heat,t1_heat_p,t1_any,t1_any_p,t2_pin_minus_heat,t2_p,t3_escape,t3_p,t1_pin_q,t1_heat_q,t1_any_q,t2_q,t3_q,final
A,A1,12.51,1,0.3096,0.098,0.5596,0.0005,0.4073,0.0005,-0.2181,0.0075,-0.1099,0.7861,0.3049,0.007,0.007,0.03,0.8611,stim-UP
A,A2,1.18,1,0.2154,0.0685,0.079,0.4753,0.1621,0.072,-0.0119,0.8371,-0.1989,0.5392,0.245,0.7394,0.2975,0.9015,0.7934,not modulated
A,A3,5.98,1,0.2043,0.1614,0.0688,0.6507,0.1514,0.1474,-0.0551,0.1524,0.2156,0.5667,0.3589,0.8723,0.4127,0.251,0.7934,not modulated
A,A4,3.3,1,0.4171,0.002,0.1765,0.1539,0.3231,0.0005,-0.0485,0.3558,-0.2903,0.4063,0.056,0.4309,0.007,0.4981,0.6708,stim-UP
A,A5,3.79,1,0.2005,0.1939,0.0191,0.8821,0.1296,0.2619,-0.0261,0.7001,0.6521,0.1039,0.3589,0.9995,0.4583,0.8168,0.2979,not modulated
A,A6,4.36,1,0.0197,0.8646,-0.0969,0.4418,-0.0259,0.8251,0.0535,0.0475,-0.1223,0.6447,0.939,0.7277,0.9241,0.105,0.8205,not modulated
A,A7,4.34,1,0.201,0.032,-0.0784,0.3843,0.0918,0.1834,0.0714,0.051,-0.2811,0.3253,0.2212,0.7277,0.4208,0.105,0.6072,not modulated
A,A8,3.35,1,0.1945,0.1334,-0.1968,0.1489,0.0416,0.6307,0.1023,0.0245,-0.0281,0.927,0.3396,0.4309,0.8084,0.0624,0.927,not modulated
A,A9,3.16,1,0.2283,0.0305,-0.0001,0.997,0.139,0.0625,0.0566,0.1459,0.11,0.7141,0.2212,0.9995,0.2975,0.251,0.8582,not modulated
A,A10,0.76,0,0.0565,0.4618,-0.0256,0.6872,0.0244,0.5682,-0.0138,0.5077,1.1215,0.0005,,,,,,not interpretable
A,A11,2.58,1,0.207,0.013,-0.1645,0.025,0.0618,0.2024,0.1275,0.0005,0.3042,0.2514,0.182,0.1167,0.4208,0.014,0.5866,not modulated
A,A12,2.42,1,0.1455,0.0395,-0.0163,0.7721,0.0823,0.1269,-0.0015,0.8726,0.7523,0.012,0.2212,0.9546,0.3948,0.9049,0.084,escape-UP
A,A13,0.83,0,0.1194,0.1459,-0.0166,0.8381,0.0663,0.2364,0.0433,0.3623,0.7812,0.0205,,,,,,not interpretable
B,B1,2.91,1,-0.0167,0.8576,-0.0002,0.9995,-0.0102,0.911,0.0676,0.3968,0.6398,0.072,0.939,0.9995,0.9447,0.5291,0.252,not modulated
B,B2,5.89,1,0.2463,0.2549,0.1899,0.4268,0.2243,0.2104,-0.3497,0.011,0.1744,0.7996,0.3965,0.7277,0.4208,0.0342,0.8611,not modulated
B,B3,11.92,1,-0.1921,0.2119,0.0119,0.9465,-0.1124,0.3938,-0.014,0.6487,0.3806,0.2724,0.3589,0.9995,0.5803,0.7897,0.5867,not modulated
B,B4,4.39,1,-0.0095,0.9235,0.0071,0.922,-0.003,0.95,-0.1037,0.006,-0.274,0.2964,0.939,0.9995,0.95,0.03,0.5928,not modulated
B,B5,13.76,1,0.1865,0.059,-0.2115,0.0045,0.031,0.6352,0.1292,0.0025,0.1997,0.4923,0.245,0.042,0.8084,0.0175,0.7658,not modulated
B,B6,2.52,1,-0.0287,0.6847,-0.0336,0.5247,-0.0306,0.5317,0.0996,0.001,0.1392,0.6132,0.8335,0.7732,0.7444,0.014,0.8176,not modulated
B,B7,15.69,1,-0.081,0.5237,-0.3914,0.0005,-0.2023,0.062,0.1172,0.01,1.121,0.0005,0.6983,0.007,0.2975,0.0342,0.014,escape-UP
B,B8,1.44,1,0.065,0.3678,0.0613,0.3498,0.0636,0.2004,-0.0393,0.1809,-0.028,0.9175,0.5149,0.7277,0.4208,0.2762,0.927,not modulated
B,B9,1.67,1,0.011,0.8936,-0.0787,0.2459,-0.024,0.6807,0.0457,0.1874,0.538,0.0605,0.939,0.6259,0.8287,0.2762,0.242,not modulated
B,B10,5.24,1,-0.2023,0.07,-0.0793,0.4333,-0.1542,0.085,0.0094,0.984,0.2825,0.4073,0.245,0.7277,0.2975,0.984,0.6708,not modulated
B,B11,3.33,1,0.114,0.2179,-0.1301,0.1094,0.0186,0.7201,0.0884,0.0075,0.4516,0.1064,0.3589,0.3829,0.8401,0.03,0.2979,not modulated
B,B12,3.5,1,0.0416,0.6737,0.2345,0.007,0.117,0.0815,-0.1584,0.0015,-0.4968,0.1234,0.8335,0.049,0.2975,0.014,0.3141,not modulated
B,B13,4.01,1,0.149,0.1869,0.0999,0.3648,0.1298,0.071,-0.0167,0.8301,0.7202,0.032,0.3589,0.7277,0.2975,0.9015,0.1493,escape-UP
B,B14,1.46,1,0.1027,0.1309,-0.1422,0.0155,0.007,0.8636,0.0632,0.0125,0.6636,0.008,0.3396,0.0868,0.93,0.035,0.0747,escape-UP
B,B15,3.21,1,-0.0848,0.3583,-0.0357,0.6542,-0.0656,0.3513,-0.0789,0.0525,0.9358,0.006,0.5149,0.8723,0.5465,0.105,0.0747,escape-UP
B,B16,3.9,1,0.0058,0.939,-0.1353,0.049,-0.0494,0.3418,0.0399,0.1229,0.6503,0.0235,0.939,0.196,0.5465,0.2294,0.1316,escape-UP
B,B17,0.23,0,-0.0212,0.8551,-0.104,0.3428,-0.0536,0.5457,0.0179,0.907,2.0249,0.0005,,,,,,not interpretable
B,B18,1.55,1,0.1277,0.1784,0.0213,0.7841,0.0862,0.2299,0.0184,0.6437,-0.0865,0.7356,0.3589,0.9546,0.4291,0.7897,0.8582,not modulated
