plane,uid,anat,usable,source,matched,pin_resp,pin_p,pin_nullsd,pin_n,pin_prewin_resp,pin_prewin_p,heat_resp,heat_p,heat_nullsd,heat_n,heat_prewin_resp,heat_prewin_p,paw_withdrawal_resp,paw_withdrawal_p,paw_withdrawal_nullsd,paw_withdrawal_n,paw_withdrawal_prewin_resp,paw_withdrawal_prewin_p,flinch_resp,flinch_p,flinch_nullsd,flinch_n,flinch_prewin_resp,flinch_prewin_p,escape_resp,escape_p,escape_nullsd,escape_n,escape_prewin_resp,escape_prewin_p,pin_epoch_resp,pin_epoch_p,pin_epoch_frac,heat_epoch_resp,heat_epoch_p,heat_epoch_frac,escape_in_resp,escape_in_p,escape_in_frac,pin_q,pin_dir,heat_q,heat_dir,paw_withdrawal_q,paw_withdrawal_dir,flinch_q,flinch_dir,escape_q,escape_dir,pin_epoch_q,pin_epoch_dir,heat_epoch_q,heat_epoch_dir,escape_in_q,escape_in_dir
A,A1,12.51,1,pain,True,0.4362,0.001,0.1321,53,-0.067,0.4563,0.8009,0.0005,0.173,34,0.2952,0.01,0.645,0.0005,0.1168,76,0.2022,0.005,0.5588,0.0005,0.136,50,0.0055,0.961,-0.0067,0.984,0.3843,5,-0.4278,0.2049,0.3037,0.0015,0.3527,0.5219,0.0005,0.2087,-0.1099,0.7981,0.006,0.007,UP,0.0035,UP,0.0035,UP,0.0028,UP,0.984,,0.021,UP,0.0035,UP,0.9034,
A,A2,1.18,1,pain,False,0.3727,0.0005,0.0963,53,0.0523,0.5322,0.3733,0.0025,0.1156,34,0.2147,0.0315,0.367,0.0005,0.0882,76,0.1365,0.05,0.3456,0.0005,0.1012,50,0.0057,0.954,-0.1886,0.4918,0.3049,5,-0.2942,0.3228,0.0949,0.1679,0.3527,0.1068,0.2024,0.2087,-0.1989,0.5527,0.006,0.0047,UP,0.014,UP,0.0035,UP,0.0028,UP,0.7249,,0.5049,,0.4398,,0.7773,
A,A3,5.98,1,pain,True,0.1318,0.2814,0.1196,53,-0.1916,0.039,0.2619,0.0865,0.1547,34,0.1594,0.1499,0.1539,0.1479,0.1061,76,0.0103,0.9025,0.1433,0.2539,0.1201,50,-0.0634,0.4953,0.3679,0.2174,0.3233,5,0.154,0.6327,0.1128,0.1574,0.3527,0.1679,0.1044,0.2087,0.2156,0.5552,0.006,0.3752,,0.173,,0.2588,,0.4182,,0.4348,,0.5049,,0.3654,,0.7773,
A,A4,3.3,1,pain,True,0.3905,0.0005,0.1089,53,-0.0098,0.9005,0.213,0.1134,0.1325,34,0.0871,0.3693,0.2599,0.0045,0.0955,76,0.0434,0.5562,0.3697,0.0005,0.1037,50,0.1491,0.1159,0.1242,0.6532,0.324,5,0.047,0.8646,0.2434,0.0005,0.3527,0.2919,0.0005,0.2087,-0.2903,0.4148,0.006,0.0047,UP,0.2063,,0.021,UP,0.0028,UP,0.7621,,0.014,UP,0.0035,UP,0.6452,
A,A5,3.79,1,pain,True,0.2034,0.1254,0.132,53,0.0941,0.3358,-0.0976,0.5317,0.1639,34,-0.0893,0.4518,0.0444,0.7676,0.1231,76,0.0523,0.5182,0.0622,0.6502,0.1351,50,-0.0095,0.928,0.4307,0.1724,0.3448,5,0.0515,0.8966,-0.0068,0.9265,0.3527,0.0192,0.8466,0.2087,0.6521,0.097,0.006,0.2628,,0.6203,,0.8266,,0.7282,,0.3713,,0.9265,,0.8681,,0.2993,
A,A6,4.36,1,pain,False,-0.1239,0.3253,0.123,53,-0.141,0.061,-0.1833,0.2359,0.1592,34,-0.0485,0.5457,-0.1633,0.1669,0.1176,76,-0.0753,0.2224,-0.1087,0.3993,0.1261,50,-0.0276,0.7426,-0.0808,0.7186,0.3066,5,-0.0131,0.9535,-0.0292,0.7571,0.3527,-0.0827,0.4658,0.2087,-0.1223,0.6597,0.006,0.414,,0.3303,,0.2749,,0.559,,0.7776,,0.848,,0.6736,,0.8396,
A,A7,4.34,1,pain,True,0.0309,0.6757,0.0786,53,-0.0626,0.3638,-0.0348,0.7506,0.1027,34,0.0374,0.6727,-0.0209,0.7591,0.0704,76,0.0165,0.7781,0.0194,0.7981,0.0817,50,0.0079,0.921,0.1358,0.5957,0.2554,5,-0.0409,0.8671,0.1012,0.0595,0.3527,0.0298,0.6597,0.2087,-0.2811,0.3713,0.006,0.7556,,0.7784,,0.8266,,0.8277,,0.7252,,0.3332,,0.7696,,0.6116,
A,A8,3.35,1,pain,False,0.1337,0.1529,0.0953,53,-0.1462,0.035,-0.0409,0.7496,0.1236,34,-0.0699,0.3818,0.0873,0.3053,0.0874,76,-0.0754,0.1919,0.1034,0.3028,0.0981,50,-0.1298,0.1169,0.1419,0.5437,0.2484,5,0.3351,0.1849,0.0708,0.3138,0.3527,-0.0315,0.7551,0.2087,-0.0281,0.9235,0.006,0.2711,,0.7784,,0.4274,,0.471,,0.7249,,0.5998,,0.8457,,0.9425,
A,A9,3.16,1,pain,False,0.2424,0.0025,0.0867,53,-0.0093,0.8976,0.1245,0.2864,0.1131,34,0.0579,0.4843,0.2187,0.009,0.0835,76,0.0724,0.1974,0.1187,0.1694,0.0889,50,-0.0788,0.3033,0.1696,0.5122,0.2467,5,-0.4477,0.077,0.1103,0.045,0.3527,0.0537,0.5052,0.2087,0.11,0.7201,0.006,0.014,UP,0.3819,,0.0315,UP,0.3162,,0.7249,,0.315,,0.6736,,0.8766,
A,A10,0.76,0,pain,True,0.0799,0.1869,0.0608,53,-0.094,0.1359,-0.0277,0.7416,0.0764,34,-0.0197,0.7651,0.0134,0.8426,0.0545,76,-0.075,0.1394,0.1165,0.0475,0.0616,50,-0.0147,0.8391,0.8303,0.0005,0.1914,5,0.429,0.066,0.0228,0.5077,0.3527,0.0367,0.4828,0.2087,1.1215,0.001,0.006,,,,,,,,,,,,,,,,
A,A11,2.58,1,pain,False,0.1146,0.0945,0.0656,53,-0.0014,0.981,-0.0631,0.4058,0.0803,34,-0.049,0.4878,0.014,0.8051,0.0578,76,-0.0286,0.5732,-0.003,0.966,0.0693,50,-0.0477,0.5347,0.2004,0.3043,0.2074,5,0.1483,0.5382,0.0605,0.1859,0.3527,-0.067,0.2189,0.2087,0.3042,0.2649,0.006,0.2619,,0.5159,,0.8349,,0.966,,0.5325,,0.5049,,0.4398,,0.4636,
A,A12,2.42,1,open field,False,0.1058,0.1314,0.0681,53,-0.078,0.2534,0.1391,0.084,0.0822,34,0.0895,0.2289,0.056,0.3703,0.0619,76,-0.038,0.4978,0.0665,0.3518,0.0691,50,-0.0549,0.4623,0.4464,0.045,0.2125,5,-0.312,0.2014,0.0289,0.5087,0.3527,0.0304,0.5632,0.2087,0.7523,0.017,0.006,0.2628,,0.173,,0.4897,,0.5184,,0.21,,0.7122,,0.7039,,0.0793,
A,A13,0.83,0,open field,False,0.1961,0.0035,0.0738,53,-0.0813,0.2654,0.1041,0.2649,0.0913,34,0.0143,0.8696,0.1437,0.0355,0.068,76,-0.0138,0.8126,0.1612,0.0295,0.0774,50,-0.0777,0.3588,0.4439,0.062,0.2409,5,-0.2196,0.3918,0.0435,0.3813,0.3527,0.0002,0.9965,0.2087,0.7812,0.0125,0.006,,,,,,,,,,,,,,,,
B,B1,2.91,1,pain,True,-0.0215,0.8266,0.1071,53,-0.0487,0.5607,-0.0626,0.5737,0.1329,34,0.067,0.4333,-0.0505,0.6262,0.0936,76,-0.0395,0.5647,-0.0361,0.7636,0.1113,50,-0.0005,0.9955,0.3821,0.1514,0.3193,5,0.2822,0.2909,0.018,0.8396,0.3537,-0.0459,0.5782,0.2083,0.6643,0.068,0.0063,0.8266,,0.6425,,0.7306,,0.8223,,0.3533,,0.9042,,0.7039,,0.238,
B,B2,5.89,1,pain,True,0.3223,0.1309,0.2208,53,-0.0115,0.9415,1.2217,0.0005,0.2781,34,0.4867,0.0195,0.6774,0.003,0.1865,76,0.1906,0.1399,0.6706,0.007,0.2221,50,0.1004,0.5657,0.3415,0.5397,0.589,5,0.9479,0.1209,0.1373,0.4528,0.3537,0.4902,0.028,0.2083,-0.0503,0.9425,0.0063,0.2628,,0.0035,UP,0.0168,UP,0.028,UP,0.7249,,0.6673,,0.1568,,0.9425,
B,B3,11.92,1,pain,True,-0.2143,0.1549,0.1581,53,-0.1063,0.2484,-0.2944,0.1179,0.1901,34,-0.0487,0.5877,-0.2546,0.052,0.1354,76,-0.0853,0.2704,-0.2219,0.1424,0.1582,50,-0.1483,0.1634,0.0581,0.8206,0.4225,5,-0.7357,0.0625,-0.113,0.3443,0.3537,-0.1015,0.4463,0.2083,0.5188,0.1639,0.0063,0.2711,,0.2063,,0.112,,0.3067,,0.851,,0.6025,,0.6736,,0.4172,
B,B4,4.39,1,pain,True,0.0974,0.1719,0.0699,53,-0.0985,0.1464,0.1468,0.056,0.0764,34,0.1029,0.1654,0.1474,0.0065,0.0542,76,0.0418,0.4213,0.2502,0.0005,0.0684,50,0.1051,0.1254,0.1895,0.2834,0.1848,5,0.2031,0.3648,-0.0038,0.9235,0.3537,0.0859,0.1429,0.2083,-0.0386,0.8736,0.0063,0.2831,,0.1425,,0.026,UP,0.0028,UP,0.529,,0.9265,,0.4001,,0.9408,
B,B5,13.76,1,pain,True,0.0606,0.4448,0.0772,53,-0.1098,0.0925,-0.2073,0.0195,0.0925,34,-0.1622,0.0275,-0.0418,0.5542,0.0707,76,-0.074,0.1829,-0.0613,0.4208,0.0773,50,-0.05,0.5067,0.4805,0.0375,0.224,5,0.6035,0.017,0.0284,0.5572,0.3537,-0.1025,0.0695,0.2083,0.3407,0.2184,0.0063,0.5415,,0.0682,,0.6747,,0.5611,,0.21,,0.7429,,0.3243,,0.4448,
B,B6,2.52,1,pain,False,0.0187,0.8141,0.0698,53,-0.085,0.1509,-0.2078,0.0165,0.0834,34,-0.0629,0.3778,-0.0899,0.1244,0.0567,76,-0.0934,0.049,-0.0773,0.2334,0.0642,50,-0.0746,0.2724,0.1106,0.5802,0.1977,5,-0.4307,0.0635,0.0246,0.6982,0.3537,-0.0718,0.2199,0.2083,0.3074,0.2489,0.0063,0.8266,,0.066,,0.2322,,0.4084,,0.7252,,0.822,,0.4398,,0.4636,
B,B7,15.69,1,pain,True,-0.1814,0.0745,0.1021,53,-0.1813,0.009,-0.4516,0.0005,0.1311,34,-0.1224,0.1779,-0.3004,0.0005,0.096,76,-0.1749,0.002,-0.2595,0.0095,0.1007,50,-0.2028,0.017,0.5594,0.0245,0.2559,5,-0.0343,0.9,-0.1625,0.04,0.3537,-0.2795,0.0005,0.2083,1.282,0.0005,0.0063,0.2318,,0.0035,DOWN,0.0035,DOWN,0.0332,DOWN,0.21,,0.315,,0.0035,DOWN,0.0047,UP
B,B8,1.44,1,pain,True,0.1457,0.0175,0.0644,53,0.0723,0.2564,0.0689,0.4238,0.079,34,-0.0147,0.8636,0.1156,0.033,0.0556,76,0.0376,0.4843,0.1513,0.0265,0.0634,50,0.0271,0.6902,0.331,0.0825,0.1904,5,0.0311,0.8761,0.0391,0.3833,0.3537,0.0729,0.1349,0.2083,0.0661,0.8066,0.0063,0.07,,0.5159,,0.0805,,0.0742,,0.2405,,0.6313,,0.4001,,0.9034,
B,B9,1.67,1,pain,False,0.0796,0.2514,0.0681,53,0.0345,0.6007,-0.0089,0.923,0.0839,34,0.0344,0.6607,-0.0049,0.9235,0.0572,76,0.0483,0.3728,0.0509,0.5272,0.0734,50,-0.001,0.99,0.3828,0.0605,0.2108,5,-0.096,0.7046,0.0335,0.4233,0.3537,-0.0081,0.8681,0.2083,0.529,0.0635,0.0063,0.352,,0.923,,0.9235,,0.6649,,0.2118,,0.6585,,0.8681,,0.238,
B,B10,5.24,1,pain,True,-0.1901,0.048,0.0933,53,-0.1421,0.064,-0.3067,0.01,0.1159,34,-0.2411,0.0095,-0.223,0.011,0.0869,76,-0.1885,0.003,-0.1602,0.1099,0.102,50,-0.0914,0.2814,0.2041,0.4218,0.2664,5,-0.5431,0.072,-0.0638,0.3213,0.3537,-0.0814,0.3273,0.2083,0.512,0.1069,0.0063,0.168,,0.0467,DOWN,0.0342,DOWN,0.2797,,0.6947,,0.5998,,0.5728,,0.2993,
B,B11,3.33,1,pain,True,0.1189,0.1029,0.0722,53,0.0416,0.5077,-0.1017,0.2289,0.0874,34,-0.1058,0.1439,0.0585,0.3848,0.0655,76,-0.0306,0.5307,0.1108,0.1329,0.0721,50,0.0869,0.1744,0.3444,0.0945,0.2055,5,0.8121,0.0015,0.0213,0.6622,0.3537,-0.0739,0.2124,0.2083,0.3648,0.1909,0.0063,0.2619,,0.3303,,0.4897,,0.3067,,0.2405,,0.822,,0.4398,,0.4448,
B,B12,3.5,1,pain,False,0.2864,0.0005,0.0844,53,0.0468,0.5277,0.4028,0.0005,0.1,34,0.15,0.073,0.3373,0.0005,0.0729,76,0.0798,0.2199,0.385,0.0005,0.0854,50,0.0074,0.93,-0.4167,0.0945,0.2621,5,-0.3952,0.1894,0.0981,0.076,0.3537,0.2556,0.0005,0.2083,-0.4077,0.2224,0.0063,0.0047,UP,0.0035,UP,0.0035,UP,0.0028,UP,0.2405,,0.3547,,0.0035,UP,0.4448,
B,B13,4.01,1,pain,False,0.2397,0.0065,0.0902,53,0.0765,0.3218,0.131,0.2134,0.1064,34,0.1444,0.1354,0.1753,0.024,0.0767,76,0.0894,0.1514,0.2619,0.0065,0.0945,50,0.0643,0.4308,0.508,0.0525,0.2564,5,-0.0385,0.8966,0.0713,0.2164,0.3537,0.082,0.2414,0.2083,0.8437,0.015,0.0063,0.0303,UP,0.3303,,0.0672,,0.028,UP,0.21,,0.5049,,0.4506,,0.0793,
B,B14,1.46,1,pain,True,-0.0289,0.7016,0.0668,53,-0.0439,0.4653,-0.1524,0.0345,0.0732,34,-0.1614,0.023,-0.0735,0.1984,0.0569,76,-0.1054,0.04,-0.0402,0.5462,0.0651,50,-0.0767,0.2074,0.446,0.016,0.1834,5,0.4188,0.065,0.0194,0.7046,0.3537,-0.0365,0.5017,0.2083,0.8289,0.0005,0.0063,0.7556,,0.1073,,0.3086,,0.6649,,0.21,,0.822,,0.6736,,0.0047,UP
B,B15,3.21,1,pain,True,-0.104,0.1964,0.0798,53,-0.0562,0.4358,-0.1838,0.049,0.0954,34,-0.0749,0.3338,-0.1506,0.0345,0.0724,76,-0.0297,0.6207,-0.1259,0.1569,0.0888,50,0.0112,0.8961,1.2875,0.0005,0.2311,5,0.3157,0.2464,-0.0642,0.2419,0.3537,0.0139,0.8456,0.2083,1.1346,0.001,0.0063,0.2894,,0.1372,,0.0805,,0.3138,,0.014,UP,0.521,,0.8681,,0.007,UP
B,B16,3.9,1,pain,False,-0.0339,0.6187,0.0682,53,-0.0898,0.1719,-0.1195,0.1764,0.0835,34,0.0592,0.4293,-0.0782,0.2214,0.0626,76,-0.0135,0.8051,-0.0341,0.6297,0.0721,50,0.0286,0.6572,0.4096,0.049,0.2061,5,0.2906,0.2264,-0.0636,0.1314,0.3537,-0.0944,0.0935,0.2083,0.9038,0.0005,0.0063,0.7218,,0.2905,,0.3263,,0.7282,,0.21,,0.5049,,0.3654,,0.0047,UP
B,B17,0.23,0,open field,False,-0.0343,0.7716,0.1188,53,-0.1224,0.2174,-0.2559,0.0445,0.1284,34,-0.2379,0.0315,-0.1797,0.099,0.1102,76,-0.1991,0.0255,-0.0402,0.7071,0.1174,50,-0.0489,0.6792,1.3611,0.0035,0.3517,5,-0.4751,0.2254,-0.0313,0.5957,0.3537,-0.0444,0.6667,0.2083,2.2809,0.0005,0.0063,,,,,,,,,,,,,,,,
B,B18,1.55,1,open field,False,0.1001,0.1839,0.0772,53,-0.0317,0.6207,0.2001,0.07,0.1047,34,0.2556,0.0035,0.1298,0.0705,0.0711,76,0.0927,0.0875,0.2277,0.0135,0.0851,50,0.0565,0.4298,0.0665,0.7221,0.2167,5,-0.0369,0.8836,0.0716,0.1984,0.3537,0.0482,0.4958,0.2083,0.1206,0.6457,0.0063,0.2861,,0.1633,,0.141,,0.042,UP,0.7776,,0.5049,,0.6736,,0.8396,
