window_s,stat,plane,uid,effect,p,q,dir,stimulus,frac_in
2.0,mean z,A,A1,0.3464,0.0052,0.0241,UP,pin,0.148
2.0,mean z,A,A2,0.3845,0.0003,0.0048,UP,pin,0.148
2.0,mean z,A,A3,0.0288,0.8051,0.9393,,pin,0.148
2.0,mean z,A,A4,0.3049,0.0024,0.0168,UP,pin,0.148
2.0,mean z,A,A5,0.1247,0.2812,0.3937,,pin,0.148
2.0,mean z,A,A6,-0.0964,0.3063,0.4084,,pin,0.148
2.0,mean z,A,A7,0.0016,0.9873,0.9873,,pin,0.148
2.0,mean z,A,A8,0.093,0.2396,0.3531,,pin,0.148
2.0,mean z,A,A9,0.2277,0.0024,0.0168,UP,pin,0.148
2.0,mean z,A,A11,0.0847,0.1585,0.2773,,pin,0.148
2.0,mean z,A,A12,0.1101,0.0811,0.1877,,pin,0.148
2.0,mean z,B,B1,-0.0082,0.9302,0.9873,,pin,0.148
2.0,mean z,B,B2,0.3191,0.0904,0.1877,,pin,0.148
2.0,mean z,B,B3,-0.1949,0.1313,0.2451,,pin,0.148
2.0,mean z,B,B4,0.0848,0.1808,0.2978,,pin,0.148
2.0,mean z,B,B5,0.0479,0.4802,0.6093,,pin,0.148
2.0,mean z,B,B6,0.0055,0.9385,0.9873,,pin,0.148
2.0,mean z,B,B7,-0.1568,0.067,0.1877,,pin,0.148
2.0,mean z,B,B8,0.13,0.0254,0.089,,pin,0.148
2.0,mean z,B,B9,0.1095,0.0901,0.1877,,pin,0.148
2.0,mean z,B,B10,-0.188,0.0213,0.0853,,pin,0.148
2.0,mean z,B,B11,0.1078,0.0938,0.1877,,pin,0.148
2.0,mean z,B,B12,0.3014,0.0003,0.0048,UP,pin,0.148
2.0,mean z,B,B13,0.2239,0.0041,0.0231,UP,pin,0.148
2.0,mean z,B,B14,-0.0425,0.5005,0.6093,,pin,0.148
2.0,mean z,B,B15,-0.0979,0.2001,0.3112,,pin,0.148
2.0,mean z,B,B16,-0.0028,0.9612,0.9873,,pin,0.148
2.0,mean z,B,B18,0.1505,0.032,0.0995,,pin,0.148
2.0,transient rate,A,A1,0.0302,0.0076,0.0529,,pin,0.148
2.0,transient rate,A,A2,0.0415,0.0014,0.0385,UP,pin,0.148
2.0,transient rate,A,A3,-0.0007,0.9312,0.9639,,pin,0.148
2.0,transient rate,A,A4,0.0315,0.0058,0.0529,,pin,0.148
2.0,transient rate,A,A5,-0.0018,0.8931,0.9639,,pin,0.148
2.0,transient rate,A,A6,-0.0043,0.5858,0.8683,,pin,0.148
2.0,transient rate,A,A7,-0.0029,0.7422,0.9219,,pin,0.148
2.0,transient rate,A,A8,0.0015,0.8817,0.9639,,pin,0.148
2.0,transient rate,A,A9,0.0226,0.0155,0.0722,,pin,0.148
2.0,transient rate,A,A11,0.0079,0.3757,0.6189,,pin,0.148
2.0,transient rate,A,A12,0.0033,0.7573,0.9219,,pin,0.148
2.0,transient rate,B,B1,0.0172,0.1231,0.3024,,pin,0.148
2.0,transient rate,B,B2,0.0221,0.0588,0.1904,,pin,0.148
2.0,transient rate,B,B3,-0.0173,0.0598,0.1904,,pin,0.148
2.0,transient rate,B,B4,0.0051,0.5892,0.8683,,pin,0.148
2.0,transient rate,B,B5,-0.001,0.9268,0.9639,,pin,0.148
2.0,transient rate,B,B6,0.0181,0.0612,0.1904,,pin,0.148
2.0,transient rate,B,B7,-0.0211,0.1296,0.3024,,pin,0.148
2.0,transient rate,B,B8,0.0232,0.0103,0.0578,,pin,0.148
2.0,transient rate,B,B9,-0.0042,0.6291,0.8807,,pin,0.148
2.0,transient rate,B,B10,-0.0101,0.3462,0.6058,,pin,0.148
2.0,transient rate,B,B11,0.0164,0.1,0.2801,,pin,0.148
2.0,transient rate,B,B12,0.0308,0.0045,0.0529,,pin,0.148
2.0,transient rate,B,B13,0.0156,0.1763,0.3798,,pin,0.148
2.0,transient rate,B,B14,-0.0037,0.714,0.9219,,pin,0.148
2.0,transient rate,B,B15,-0.0141,0.1918,0.3836,,pin,0.148
2.0,transient rate,B,B16,-0.0007,0.9639,0.9639,,pin,0.148
2.0,transient rate,B,B18,0.0095,0.2815,0.5255,,pin,0.148
2.0,high-activity fraction,A,A1,0.0812,0.0062,0.0404,UP,pin,0.148
2.0,high-activity fraction,A,A2,0.0962,0.0028,0.0385,UP,pin,0.148
2.0,high-activity fraction,A,A3,-0.0137,0.5964,0.7191,,pin,0.148
2.0,high-activity fraction,A,A4,0.0654,0.0062,0.0404,UP,pin,0.148
2.0,high-activity fraction,A,A5,0.0077,0.8364,0.8587,,pin,0.148
2.0,high-activity fraction,A,A6,-0.0319,0.142,0.3058,,pin,0.148
2.0,high-activity fraction,A,A7,0.0063,0.704,0.7885,,pin,0.148
2.0,high-activity fraction,A,A8,0.0035,0.8384,0.8587,,pin,0.148
2.0,high-activity fraction,A,A9,0.0538,0.0003,0.0096,UP,pin,0.148
2.0,high-activity fraction,A,A11,0.017,0.2757,0.462,,pin,0.148
2.0,high-activity fraction,A,A12,0.0273,0.0904,0.3058,,pin,0.148
2.0,high-activity fraction,B,B1,0.0256,0.3967,0.5049,,pin,0.148
2.0,high-activity fraction,B,B2,0.0689,0.1128,0.3058,,pin,0.148
2.0,high-activity fraction,B,B3,-0.0348,0.175,0.3266,,pin,0.148
2.0,high-activity fraction,B,B4,0.0259,0.1341,0.3058,,pin,0.148
2.0,high-activity fraction,B,B5,0.0148,0.3716,0.4955,,pin,0.148
2.0,high-activity fraction,B,B6,0.0247,0.1042,0.3058,,pin,0.148
2.0,high-activity fraction,B,B7,-0.0462,0.0791,0.3058,,pin,0.148
2.0,high-activity fraction,B,B8,0.0265,0.1213,0.3058,,pin,0.148
2.0,high-activity fraction,B,B9,0.0155,0.2974,0.462,,pin,0.148
2.0,high-activity fraction,B,B10,-0.0298,0.1568,0.3135,,pin,0.148
2.0,high-activity fraction,B,B11,0.0171,0.3135,0.462,,pin,0.148
2.0,high-activity fraction,B,B12,0.0524,0.0072,0.0404,UP,pin,0.148
2.0,high-activity fraction,B,B13,0.0473,0.0141,0.0658,,pin,0.148
2.0,high-activity fraction,B,B14,-0.0133,0.3403,0.4765,,pin,0.148
2.0,high-activity fraction,B,B15,-0.0103,0.6164,0.7191,,pin,0.148
2.0,high-activity fraction,B,B16,0.0173,0.2805,0.462,,pin,0.148
2.0,high-activity fraction,B,B18,0.0029,0.8587,0.8587,,pin,0.148
2.0,mean z,A,A1,0.6816,0.0003,0.0019,UP,heat,0.095
2.0,mean z,A,A2,0.3694,0.0003,0.0019,UP,heat,0.095
2.0,mean z,A,A3,0.1584,0.296,0.3946,,heat,0.095
2.0,mean z,A,A4,0.1638,0.1784,0.2827,,heat,0.095
2.0,mean z,A,A5,-0.142,0.3255,0.4139,,heat,0.095
2.0,mean z,A,A6,-0.1628,0.1918,0.2827,,heat,0.095
2.0,mean z,A,A7,-0.0636,0.5057,0.5362,,heat,0.095
2.0,mean z,A,A8,-0.0739,0.517,0.5362,,heat,0.095
2.0,mean z,A,A9,0.0792,0.4208,0.4909,,heat,0.095
2.0,mean z,A,A11,-0.07,0.34,0.4139,,heat,0.095
2.0,mean z,A,A12,0.1223,0.1213,0.2427,,heat,0.095
2.0,mean z,B,B1,-0.1348,0.2124,0.2974,,heat,0.095
2.0,mean z,B,B2,1.194,0.0003,0.0019,UP,heat,0.095
2.0,mean z,B,B3,-0.2681,0.1066,0.2295,,heat,0.095
2.0,mean z,B,B4,0.1636,0.0258,0.0762,,heat,0.095
2.0,mean z,B,B5,-0.184,0.0309,0.0762,,heat,0.095
2.0,mean z,B,B6,-0.2343,0.0028,0.0128,DOWN,heat,0.095
2.0,mean z,B,B7,-0.434,0.0003,0.0019,DOWN,heat,0.095
2.0,mean z,B,B8,0.053,0.5012,0.5362,,heat,0.095
2.0,mean z,B,B9,-0.0032,0.9704,0.9704,,heat,0.095
2.0,mean z,B,B10,-0.2904,0.0117,0.0409,DOWN,heat,0.095
2.0,mean z,B,B11,-0.1043,0.177,0.2827,,heat,0.095
2.0,mean z,B,B12,0.3886,0.0003,0.0019,UP,heat,0.095
2.0,mean z,B,B13,0.1342,0.1774,0.2827,,heat,0.095
2.0,mean z,B,B14,-0.1706,0.0117,0.0409,DOWN,heat,0.095
2.0,mean z,B,B15,-0.1853,0.0303,0.0762,,heat,0.095
2.0,mean z,B,B16,-0.1051,0.1846,0.2827,,heat,0.095
2.0,mean z,B,B18,0.2096,0.0327,0.0762,,heat,0.095
2.0,transient rate,A,A1,0.0745,0.0003,0.0096,UP,heat,0.095
2.0,transient rate,A,A2,0.0456,0.0028,0.0385,UP,heat,0.095
2.0,transient rate,A,A3,0.0074,0.5593,0.7457,,heat,0.095
2.0,transient rate,A,A4,0.0324,0.0165,0.0924,,heat,0.095
2.0,transient rate,A,A5,-0.0132,0.3943,0.6834,,heat,0.095
2.0,transient rate,A,A6,0.0083,0.4393,0.6834,,heat,0.095
2.0,transient rate,A,A7,-0.0018,0.8677,0.9842,,heat,0.095
2.0,transient rate,A,A8,-0.0172,0.1416,0.3605,,heat,0.095
2.0,transient rate,A,A9,0.0118,0.2709,0.5056,,heat,0.095
2.0,transient rate,A,A11,-0.0128,0.2138,0.4276,,heat,0.095
2.0,transient rate,A,A12,0.0315,0.0138,0.0924,,heat,0.095
2.0,transient rate,B,B1,-0.022,0.0928,0.2952,,heat,0.095
2.0,transient rate,B,B2,0.0311,0.0299,0.1196,,heat,0.095
2.0,transient rate,B,B3,0.0008,0.9536,0.9842,,heat,0.095
2.0,transient rate,B,B4,0.0276,0.0244,0.1139,,heat,0.095
2.0,transient rate,B,B5,0.0004,0.9821,0.9842,,heat,0.095
2.0,transient rate,B,B6,-0.0163,0.1863,0.4013,,heat,0.095
2.0,transient rate,B,B7,-0.0168,0.4283,0.6834,,heat,0.095
2.0,transient rate,B,B8,0.0184,0.0949,0.2952,,heat,0.095
2.0,transient rate,B,B9,0.0004,0.9842,0.9842,,heat,0.095
2.0,transient rate,B,B10,-0.0185,0.1561,0.3642,,heat,0.095
2.0,transient rate,B,B11,0.003,0.8054,0.9805,,heat,0.095
2.0,transient rate,B,B12,0.0368,0.0052,0.0481,UP,heat,0.095
2.0,transient rate,B,B13,0.0083,0.5301,0.7457,,heat,0.095
2.0,transient rate,B,B14,-0.0071,0.5356,0.7457,,heat,0.095
2.0,transient rate,B,B15,-0.0075,0.604,0.7687,,heat,0.095
2.0,transient rate,B,B16,0.0017,0.8862,0.9842,,heat,0.095
2.0,transient rate,B,B18,0.0179,0.1093,0.3061,,heat,0.095
2.0,high-activity fraction,A,A1,0.2126,0.0003,0.0032,UP,heat,0.095
2.0,high-activity fraction,A,A2,0.0976,0.0089,0.0616,,heat,0.095
2.0,high-activity fraction,A,A3,0.0467,0.1299,0.3048,,heat,0.095
2.0,high-activity fraction,A,A4,0.0336,0.2516,0.4145,,heat,0.095
2.0,high-activity fraction,A,A5,-0.0344,0.4273,0.6297,,heat,0.095
2.0,high-activity fraction,A,A6,-0.0076,0.759,0.8855,,heat,0.095
2.0,high-activity fraction,A,A7,-0.03,0.1306,0.3048,,heat,0.095
2.0,high-activity fraction,A,A8,-0.0107,0.6229,0.7928,,heat,0.095
2.0,high-activity fraction,A,A9,0.0156,0.4056,0.6297,,heat,0.095
2.0,high-activity fraction,A,A11,0.0033,0.8546,0.8862,,heat,0.095
2.0,high-activity fraction,A,A12,0.0349,0.0636,0.2226,,heat,0.095
2.0,high-activity fraction,B,B1,-0.0414,0.2245,0.3928,,heat,0.095
2.0,high-activity fraction,B,B2,0.2362,0.0003,0.0032,UP,heat,0.095
2.0,high-activity fraction,B,B3,0.0037,0.9168,0.9168,,heat,0.095
2.0,high-activity fraction,B,B4,0.0498,0.011,0.0616,,heat,0.095
2.0,high-activity fraction,B,B5,-0.0107,0.6167,0.7928,,heat,0.095
2.0,high-activity fraction,B,B6,-0.0366,0.0629,0.2226,,heat,0.095
2.0,high-activity fraction,B,B7,-0.0485,0.2056,0.3837,,heat,0.095
2.0,high-activity fraction,B,B8,0.0275,0.186,0.3719,,heat,0.095
2.0,high-activity fraction,B,B9,0.0038,0.8505,0.8862,,heat,0.095
2.0,high-activity fraction,B,B10,-0.0436,0.1251,0.3048,,heat,0.095
2.0,high-activity fraction,B,B11,-0.0046,0.8161,0.8862,,heat,0.095
2.0,high-activity fraction,B,B12,0.1112,0.0003,0.0032,UP,heat,0.095
2.0,high-activity fraction,B,B13,0.034,0.1447,0.3117,,heat,0.095
2.0,high-activity fraction,B,B14,-0.0243,0.1093,0.3048,,heat,0.095
2.0,high-activity fraction,B,B15,-0.0168,0.4734,0.6627,,heat,0.095
2.0,high-activity fraction,B,B16,-0.0076,0.6903,0.8403,,heat,0.095
2.0,high-activity fraction,B,B18,0.0551,0.0306,0.1428,,heat,0.095
5.0,mean z,A,A1,0.3549,0.0003,0.0096,UP,pin,0.266
5.0,mean z,A,A2,0.228,0.0014,0.0193,UP,pin,0.266
5.0,mean z,A,A3,-0.0295,0.7717,0.9004,,pin,0.266
5.0,mean z,A,A4,0.2482,0.0038,0.0241,UP,pin,0.266
5.0,mean z,A,A5,0.0479,0.6109,0.7437,,pin,0.266
5.0,mean z,A,A6,-0.0485,0.5899,0.7437,,pin,0.266
5.0,mean z,A,A7,0.0518,0.3513,0.5465,,pin,0.266
5.0,mean z,A,A8,0.0603,0.3922,0.578,,pin,0.266
5.0,mean z,A,A9,0.1683,0.01,0.0399,UP,pin,0.266
5.0,mean z,A,A11,0.0549,0.2616,0.4883,,pin,0.266
5.0,mean z,A,A12,0.0592,0.2035,0.4383,,pin,0.266
5.0,mean z,B,B1,-0.0121,0.8879,0.9202,,pin,0.266
5.0,mean z,B,B2,0.1768,0.3101,0.5107,,pin,0.266
5.0,mean z,B,B3,-0.1394,0.2864,0.5011,,pin,0.266
5.0,mean z,B,B4,0.0058,0.9072,0.9202,,pin,0.266
5.0,mean z,B,B5,0.046,0.4397,0.5862,,pin,0.266
5.0,mean z,B,B6,-0.0132,0.8302,0.9202,,pin,0.266
5.0,mean z,B,B7,-0.1998,0.0052,0.0241,DOWN,pin,0.266
5.0,mean z,B,B8,0.0655,0.1863,0.4383,,pin,0.266
5.0,mean z,B,B9,0.0741,0.144,0.4383,,pin,0.266
5.0,mean z,B,B10,-0.056,0.427,0.5862,,pin,0.266
5.0,mean z,B,B11,0.0787,0.1605,0.4383,,pin,0.266
5.0,mean z,B,B12,0.1704,0.0048,0.0241,UP,pin,0.266
5.0,mean z,B,B13,0.1695,0.0041,0.0241,UP,pin,0.266
5.0,mean z,B,B14,0.0047,0.9202,0.9202,,pin,0.266
5.0,mean z,B,B15,-0.0833,0.1898,0.4383,,pin,0.266
5.0,mean z,B,B16,-0.0598,0.2255,0.451,,pin,0.266
5.0,mean z,B,B18,0.1223,0.045,0.1576,,pin,0.266
5.0,transient rate,A,A1,0.0361,0.0003,0.0048,UP,pin,0.266
5.0,transient rate,A,A2,0.0359,0.0003,0.0048,UP,pin,0.266
5.0,transient rate,A,A3,-0.0045,0.5975,0.7954,,pin,0.266
5.0,transient rate,A,A4,0.0159,0.0956,0.2433,,pin,0.266
5.0,transient rate,A,A5,-0.003,0.8106,0.9457,,pin,0.266
5.0,transient rate,A,A6,0.0008,0.911,0.981,,pin,0.266
5.0,transient rate,A,A7,0.0049,0.5112,0.7739,,pin,0.266
5.0,transient rate,A,A8,0.0053,0.538,0.7739,,pin,0.266
5.0,transient rate,A,A9,0.0158,0.0523,0.1913,,pin,0.266
5.0,transient rate,A,A11,-0.0005,0.9536,0.9889,,pin,0.266
5.0,transient rate,A,A12,-0.0049,0.625,0.7954,,pin,0.266
5.0,transient rate,B,B1,0.0217,0.0199,0.1117,,pin,0.266
5.0,transient rate,B,B2,0.0204,0.0725,0.2257,,pin,0.266
5.0,transient rate,B,B3,-0.0082,0.3279,0.6058,,pin,0.266
5.0,transient rate,B,B4,0.0077,0.3462,0.6058,,pin,0.266
5.0,transient rate,B,B5,-0.0001,0.9924,0.9924,,pin,0.266
5.0,transient rate,B,B6,0.0098,0.2757,0.5514,,pin,0.266
5.0,transient rate,B,B7,-0.0362,0.0069,0.0481,DOWN,pin,0.266
5.0,transient rate,B,B8,0.006,0.4311,0.71,,pin,0.266
5.0,transient rate,B,B9,0.0068,0.2726,0.5514,,pin,0.266
5.0,transient rate,B,B10,-0.0042,0.6535,0.7956,,pin,0.266
5.0,transient rate,B,B11,0.0154,0.087,0.2433,,pin,0.266
5.0,transient rate,B,B12,0.0214,0.0272,0.1267,,pin,0.266
5.0,transient rate,B,B13,0.0256,0.0055,0.0481,UP,pin,0.266
5.0,transient rate,B,B14,0.0011,0.8958,0.981,,pin,0.266
5.0,transient rate,B,B15,-0.0177,0.0547,0.1913,,pin,0.266
5.0,transient rate,B,B16,-0.0055,0.5528,0.7739,,pin,0.266
5.0,transient rate,B,B18,0.0099,0.1873,0.4371,,pin,0.266
5.0,high-activity fraction,A,A1,0.0894,0.001,0.0144,UP,pin,0.266
5.0,high-activity fraction,A,A2,0.0841,0.0003,0.0096,UP,pin,0.266
5.0,high-activity fraction,A,A3,-0.0148,0.5318,0.8272,,pin,0.266
5.0,high-activity fraction,A,A4,0.0512,0.0131,0.061,,pin,0.266
5.0,high-activity fraction,A,A5,-0.021,0.5844,0.8612,,pin,0.266
5.0,high-activity fraction,A,A6,-0.0118,0.6868,0.8742,,pin,0.266
5.0,high-activity fraction,A,A7,0.015,0.2534,0.5912,,pin,0.266
5.0,high-activity fraction,A,A8,0.0177,0.1983,0.5669,,pin,0.266
5.0,high-activity fraction,A,A9,0.0289,0.0117,0.061,,pin,0.266
5.0,high-activity fraction,A,A11,-0.0034,0.8254,0.9244,,pin,0.266
5.0,high-activity fraction,A,A12,0.0038,0.7845,0.9152,,pin,0.266
5.0,high-activity fraction,B,B1,0.0263,0.4166,0.7544,,pin,0.266
5.0,high-activity fraction,B,B2,0.0429,0.3444,0.6889,,pin,0.266
5.0,high-activity fraction,B,B3,-0.0209,0.4679,0.7706,,pin,0.266
5.0,high-activity fraction,B,B4,0.0107,0.4311,0.7544,,pin,0.266
5.0,high-activity fraction,B,B5,0.0184,0.2025,0.5669,,pin,0.266
5.0,high-activity fraction,B,B6,0.017,0.1949,0.5669,,pin,0.266
5.0,high-activity fraction,B,B7,-0.0699,0.0052,0.0361,DOWN,pin,0.266
5.0,high-activity fraction,B,B8,0.0003,0.9856,0.9856,,pin,0.266
5.0,high-activity fraction,B,B9,0.0117,0.3389,0.6889,,pin,0.266
5.0,high-activity fraction,B,B10,0.0011,0.9601,0.9856,,pin,0.266
5.0,high-activity fraction,B,B11,0.0068,0.6432,0.8742,,pin,0.266
5.0,high-activity fraction,B,B12,0.032,0.0722,0.2888,,pin,0.266
5.0,high-activity fraction,B,B13,0.0507,0.0031,0.0289,UP,pin,0.266
5.0,high-activity fraction,B,B14,-0.0045,0.6855,0.8742,,pin,0.266
5.0,high-activity fraction,B,B15,-0.0213,0.2396,0.5912,,pin,0.266
5.0,high-activity fraction,B,B16,-0.001,0.9477,0.9856,,pin,0.266
5.0,high-activity fraction,B,B18,0.0049,0.7518,0.9152,,pin,0.266
5.0,mean z,A,A1,0.7359,0.0003,0.0032,UP,heat,0.154
5.0,mean z,A,A2,0.2219,0.0193,0.0586,,heat,0.154
5.0,mean z,A,A3,-0.024,0.88,0.88,,heat,0.154
5.0,mean z,A,A4,0.2014,0.0567,0.1222,,heat,0.154
5.0,mean z,A,A5,-0.0879,0.452,0.5398,,heat,0.154
5.0,mean z,A,A6,-0.132,0.2334,0.3268,,heat,0.154
5.0,mean z,A,A7,-0.0701,0.3668,0.4668,,heat,0.154
5.0,mean z,A,A8,-0.0525,0.5607,0.6038,,heat,0.154
5.0,mean z,A,A9,0.0583,0.4716,0.5398,,heat,0.154
5.0,mean z,A,A11,-0.1565,0.023,0.0586,,heat,0.154
5.0,mean z,A,A12,-0.0215,0.7494,0.7772,,heat,0.154
5.0,mean z,B,B1,-0.1321,0.1633,0.2689,,heat,0.154
5.0,mean z,B,B2,0.7787,0.0031,0.0144,UP,heat,0.154
5.0,mean z,B,B3,-0.1976,0.1791,0.2786,,heat,0.154
5.0,mean z,B,B4,0.1411,0.021,0.0586,,heat,0.154
5.0,mean z,B,B5,-0.1592,0.022,0.0586,,heat,0.154
5.0,mean z,B,B6,-0.2079,0.0048,0.0193,DOWN,heat,0.154
5.0,mean z,B,B7,-0.3322,0.0003,0.0032,DOWN,heat,0.154
5.0,mean z,B,B8,0.046,0.482,0.5398,,heat,0.154
5.0,mean z,B,B9,-0.0773,0.1963,0.2893,,heat,0.154
5.0,mean z,B,B10,-0.1456,0.1141,0.213,,heat,0.154
5.0,mean z,B,B11,-0.0921,0.1385,0.2424,,heat,0.154
5.0,mean z,B,B12,0.3296,0.0003,0.0032,UP,heat,0.154
5.0,mean z,B,B13,0.0921,0.2809,0.3745,,heat,0.154
5.0,mean z,B,B14,-0.1547,0.0014,0.0096,DOWN,heat,0.154
5.0,mean z,B,B15,-0.165,0.0292,0.0682,,heat,0.154
5.0,mean z,B,B16,-0.1778,0.0028,0.0144,DOWN,heat,0.154
5.0,mean z,B,B18,0.1554,0.0739,0.1478,,heat,0.154
5.0,transient rate,A,A1,0.071,0.0003,0.0048,UP,heat,0.154
5.0,transient rate,A,A2,0.0219,0.0732,0.3417,,heat,0.154
5.0,transient rate,A,A3,-0.0015,0.9044,0.9333,,heat,0.154
5.0,transient rate,A,A4,0.0227,0.0378,0.2118,,heat,0.154
5.0,transient rate,A,A5,-0.0057,0.681,0.765,,heat,0.154
5.0,transient rate,A,A6,0.009,0.3362,0.684,,heat,0.154
5.0,transient rate,A,A7,-0.0074,0.4153,0.684,,heat,0.154
5.0,transient rate,A,A8,-0.0143,0.1492,0.5222,,heat,0.154
5.0,transient rate,A,A9,0.009,0.3235,0.684,,heat,0.154
5.0,transient rate,A,A11,-0.0081,0.3541,0.684,,heat,0.154
5.0,transient rate,A,A12,0.0098,0.3699,0.684,,heat,0.154
5.0,transient rate,B,B1,-0.0071,0.6184,0.765,,heat,0.154
5.0,transient rate,B,B2,0.0308,0.0158,0.1476,,heat,0.154
5.0,transient rate,B,B3,0.005,0.6831,0.765,,heat,0.154
5.0,transient rate,B,B4,0.0235,0.0275,0.1925,,heat,0.154
5.0,transient rate,B,B5,-0.005,0.6325,0.765,,heat,0.154
5.0,transient rate,B,B6,-0.0171,0.1086,0.4345,,heat,0.154
5.0,transient rate,B,B7,-0.0241,0.2197,0.6834,,heat,0.154
5.0,transient rate,B,B8,0.0048,0.6562,0.765,,heat,0.154
5.0,transient rate,B,B9,-0.0058,0.5779,0.765,,heat,0.154
5.0,transient rate,B,B10,-0.0102,0.3957,0.684,,heat,0.154
5.0,transient rate,B,B11,0.0008,0.9333,0.9333,,heat,0.154
5.0,transient rate,B,B12,0.0463,0.0003,0.0048,UP,heat,0.154
5.0,transient rate,B,B13,0.0072,0.5108,0.765,,heat,0.154
5.0,transient rate,B,B14,-0.0093,0.3417,0.684,,heat,0.154
5.0,transient rate,B,B15,-0.0072,0.6057,0.765,,heat,0.154
5.0,transient rate,B,B16,-0.0016,0.8745,0.9333,,heat,0.154
5.0,transient rate,B,B18,0.0118,0.2771,0.684,,heat,0.154
5.0,high-activity fraction,A,A1,0.1994,0.0003,0.0048,UP,heat,0.154
5.0,high-activity fraction,A,A2,0.0611,0.0557,0.216,,heat,0.154
5.0,high-activity fraction,A,A3,0.0142,0.638,0.778,,heat,0.154
5.0,high-activity fraction,A,A4,0.0459,0.0694,0.216,,heat,0.154
5.0,high-activity fraction,A,A5,-0.0283,0.4397,0.7091,,heat,0.154
5.0,high-activity fraction,A,A6,0.0003,0.9842,0.9842,,heat,0.154
5.0,high-activity fraction,A,A7,-0.0304,0.0633,0.216,,heat,0.154
5.0,high-activity fraction,A,A8,-0.0113,0.5394,0.778,,heat,0.154
5.0,high-activity fraction,A,A9,0.005,0.7432,0.8149,,heat,0.154
5.0,high-activity fraction,A,A11,-0.0068,0.6525,0.778,,heat,0.154
5.0,high-activity fraction,A,A12,0.0074,0.6669,0.778,,heat,0.154
5.0,high-activity fraction,B,B1,-0.0282,0.373,0.6527,,heat,0.154
5.0,high-activity fraction,B,B2,0.1689,0.0045,0.0417,UP,heat,0.154
5.0,high-activity fraction,B,B3,0.0171,0.5755,0.778,,heat,0.154
5.0,high-activity fraction,B,B4,0.0325,0.055,0.216,,heat,0.154
5.0,high-activity fraction,B,B5,-0.0054,0.7745,0.8149,,heat,0.154
5.0,high-activity fraction,B,B6,-0.0342,0.0426,0.216,,heat,0.154
5.0,high-activity fraction,B,B7,-0.0475,0.1839,0.3961,,heat,0.154
5.0,high-activity fraction,B,B8,0.0053,0.7858,0.8149,,heat,0.154
5.0,high-activity fraction,B,B9,-0.0127,0.4558,0.7091,,heat,0.154
5.0,high-activity fraction,B,B10,-0.0353,0.1633,0.381,,heat,0.154
5.0,high-activity fraction,B,B11,-0.008,0.649,0.778,,heat,0.154
5.0,high-activity fraction,B,B12,0.0884,0.0003,0.0048,UP,heat,0.154
5.0,high-activity fraction,B,B13,0.035,0.0997,0.2791,,heat,0.154
5.0,high-activity fraction,B,B14,-0.0337,0.0096,0.0674,,heat,0.154
5.0,high-activity fraction,B,B15,-0.0183,0.3668,0.6527,,heat,0.154
5.0,high-activity fraction,B,B16,-0.0204,0.154,0.381,,heat,0.154
5.0,high-activity fraction,B,B18,0.0256,0.2705,0.5411,,heat,0.154
10.0,mean z,A,A1,0.3037,0.0021,0.0289,UP,pin,0.353
10.0,mean z,A,A2,0.0949,0.1533,0.4845,,pin,0.353
10.0,mean z,A,A3,0.1128,0.1557,0.4845,,pin,0.353
10.0,mean z,A,A4,0.2434,0.0003,0.0096,UP,pin,0.353
10.0,mean z,A,A5,-0.0068,0.9271,0.934,,pin,0.353
10.0,mean z,A,A6,-0.0292,0.7821,0.8759,,pin,0.353
10.0,mean z,A,A7,0.1012,0.0485,0.2714,,pin,0.353
10.0,mean z,A,A8,0.0708,0.3211,0.6094,,pin,0.353
10.0,mean z,A,A9,0.1103,0.0433,0.2714,,pin,0.353
10.0,mean z,A,A11,0.0605,0.2011,0.5631,,pin,0.353
10.0,mean z,A,A12,0.0289,0.4926,0.6568,,pin,0.353
10.0,mean z,B,B1,0.0161,0.8474,0.9126,,pin,0.353
10.0,mean z,B,B2,0.1356,0.4627,0.6568,,pin,0.353
10.0,mean z,B,B3,-0.11,0.3884,0.6398,,pin,0.353
10.0,mean z,B,B4,-0.0039,0.934,0.934,,pin,0.353
10.0,mean z,B,B5,0.0328,0.4854,0.6568,,pin,0.353
10.0,mean z,B,B6,0.0192,0.7714,0.8759,,pin,0.353
10.0,mean z,B,B7,-0.1594,0.0378,0.2714,,pin,0.353
10.0,mean z,B,B8,0.0321,0.4696,0.6568,,pin,0.353
10.0,mean z,B,B9,0.0379,0.3482,0.6094,,pin,0.353
10.0,mean z,B,B10,-0.0592,0.3469,0.6094,,pin,0.353
10.0,mean z,B,B11,0.0274,0.5724,0.7285,,pin,0.353
10.0,mean z,B,B12,0.0878,0.1121,0.4845,,pin,0.353
10.0,mean z,B,B13,0.0637,0.2609,0.5938,,pin,0.353
10.0,mean z,B,B14,0.0184,0.7191,0.8755,,pin,0.353
10.0,mean z,B,B15,-0.0605,0.2757,0.5938,,pin,0.353
10.0,mean z,B,B16,-0.0616,0.1475,0.4845,,pin,0.353
10.0,mean z,B,B18,0.0671,0.2434,0.5938,,pin,0.353
10.0,transient rate,A,A1,0.0372,0.0003,0.0096,UP,pin,0.353
10.0,transient rate,A,A2,0.0272,0.0034,0.0409,UP,pin,0.353
10.0,transient rate,A,A3,-0.0003,0.978,0.978,,pin,0.353
10.0,transient rate,A,A4,0.0154,0.0739,0.2299,,pin,0.353
10.0,transient rate,A,A5,-0.0105,0.3352,0.5193,,pin,0.353
10.0,transient rate,A,A6,0.0003,0.9646,0.978,,pin,0.353
10.0,transient rate,A,A7,0.0133,0.0633,0.2214,,pin,0.353
10.0,transient rate,A,A8,0.0105,0.1942,0.4183,,pin,0.353
10.0,transient rate,A,A9,0.0167,0.0375,0.1749,,pin,0.353
10.0,transient rate,A,A11,-0.0028,0.6734,0.8198,,pin,0.353
10.0,transient rate,A,A12,-0.0073,0.4462,0.5949,,pin,0.353
10.0,transient rate,B,B1,0.0181,0.1203,0.3008,,pin,0.353
10.0,transient rate,B,B2,0.0146,0.2221,0.4441,,pin,0.353
10.0,transient rate,B,B3,-0.0077,0.3623,0.5193,,pin,0.353
10.0,transient rate,B,B4,0.0071,0.3609,0.5193,,pin,0.353
10.0,transient rate,B,B5,-0.0004,0.9725,0.978,,pin,0.353
10.0,transient rate,B,B6,0.0137,0.1289,0.3008,,pin,0.353
10.0,transient rate,B,B7,-0.0382,0.0052,0.0409,DOWN,pin,0.353
10.0,transient rate,B,B8,0.0052,0.4737,0.6029,,pin,0.353
10.0,transient rate,B,B9,0.0058,0.3338,0.5193,,pin,0.353
10.0,transient rate,B,B10,-0.0091,0.353,0.5193,,pin,0.353
10.0,transient rate,B,B11,0.0149,0.0949,0.2657,,pin,0.353
10.0,transient rate,B,B12,0.024,0.0058,0.0409,UP,pin,0.353
10.0,transient rate,B,B13,0.0224,0.0155,0.0866,,pin,0.353
10.0,transient rate,B,B14,0.0004,0.9718,0.978,,pin,0.353
10.0,transient rate,B,B15,-0.0197,0.0478,0.1911,,pin,0.353
10.0,transient rate,B,B16,-0.0026,0.7704,0.8988,,pin,0.353
10.0,transient rate,B,B18,0.0069,0.3709,0.5193,,pin,0.353
10.0,high-activity fraction,A,A1,0.0978,0.0003,0.0096,UP,pin,0.353
10.0,high-activity fraction,A,A2,0.0666,0.0131,0.0732,,pin,0.353
10.0,high-activity fraction,A,A3,0.0043,0.8219,0.8524,,pin,0.353
10.0,high-activity fraction,A,A4,0.0463,0.0113,0.0732,,pin,0.353
10.0,high-activity fraction,A,A5,-0.0373,0.2582,0.5163,,pin,0.353
10.0,high-activity fraction,A,A6,-0.0137,0.6989,0.8524,,pin,0.353
10.0,high-activity fraction,A,A7,0.0191,0.1385,0.3526,,pin,0.353
10.0,high-activity fraction,A,A8,0.0249,0.0633,0.253,,pin,0.353
10.0,high-activity fraction,A,A9,0.018,0.1155,0.3234,,pin,0.353
10.0,high-activity fraction,A,A11,-0.0058,0.7346,0.8524,,pin,0.353
10.0,high-activity fraction,A,A12,-0.0084,0.5074,0.7893,,pin,0.353
10.0,high-activity fraction,B,B1,0.0393,0.2004,0.4676,,pin,0.353
10.0,high-activity fraction,B,B2,0.0467,0.3438,0.6417,,pin,0.353
10.0,high-activity fraction,B,B3,-0.0229,0.4087,0.6732,,pin,0.353
10.0,high-activity fraction,B,B4,0.0061,0.6556,0.8524,,pin,0.353
10.0,high-activity fraction,B,B5,0.0225,0.0976,0.3037,,pin,0.353
10.0,high-activity fraction,B,B6,0.0117,0.3912,0.6732,,pin,0.353
10.0,high-activity fraction,B,B7,-0.0769,0.0007,0.0096,DOWN,pin,0.353
10.0,high-activity fraction,B,B8,-0.0032,0.8075,0.8524,,pin,0.353
10.0,high-activity fraction,B,B9,0.0062,0.5751,0.8052,,pin,0.353
10.0,high-activity fraction,B,B10,-0.0057,0.7882,0.8524,,pin,0.353
10.0,high-activity fraction,B,B11,0.0047,0.769,0.8524,,pin,0.353
10.0,high-activity fraction,B,B12,0.0351,0.0426,0.1989,,pin,0.353
10.0,high-activity fraction,B,B13,0.0425,0.0045,0.0417,UP,pin,0.353
10.0,high-activity fraction,B,B14,-0.011,0.2351,0.5064,,pin,0.353
10.0,high-activity fraction,B,B15,-0.0286,0.0959,0.3037,,pin,0.353
10.0,high-activity fraction,B,B16,0.001,0.9471,0.9471,,pin,0.353
10.0,high-activity fraction,B,B18,-0.0098,0.551,0.8052,,pin,0.353
10.0,mean z,A,A1,0.5219,0.0003,0.0024,UP,heat,0.209
10.0,mean z,A,A2,0.1068,0.1908,0.4452,,heat,0.209
10.0,mean z,A,A3,0.1679,0.1103,0.3433,,heat,0.209
10.0,mean z,A,A4,0.2919,0.0003,0.0024,UP,heat,0.209
10.0,mean z,A,A5,0.0192,0.8484,0.8711,,heat,0.209
10.0,mean z,A,A6,-0.0827,0.4593,0.666,,heat,0.209
10.0,mean z,A,A7,0.0298,0.6401,0.7468,,heat,0.209
10.0,mean z,A,A8,-0.0315,0.746,0.8355,,heat,0.209
10.0,mean z,A,A9,0.0537,0.4995,0.666,,heat,0.209
10.0,mean z,A,A11,-0.067,0.2114,0.4554,,heat,0.209
10.0,mean z,A,A12,0.0304,0.5717,0.696,,heat,0.209
10.0,mean z,B,B1,-0.0514,0.5455,0.6943,,heat,0.209
10.0,mean z,B,B2,0.4853,0.0327,0.1829,,heat,0.209
10.0,mean z,B,B3,-0.0959,0.4655,0.666,,heat,0.209
10.0,mean z,B,B4,0.0998,0.0636,0.2544,,heat,0.209
10.0,mean z,B,B5,-0.0964,0.0942,0.3297,,heat,0.209
10.0,mean z,B,B6,-0.0804,0.166,0.4226,,heat,0.209
10.0,mean z,B,B7,-0.2767,0.0003,0.0024,DOWN,heat,0.209
10.0,mean z,B,B8,0.0714,0.1444,0.4043,,heat,0.209
10.0,mean z,B,B9,-0.0078,0.8711,0.8711,,heat,0.209
10.0,mean z,B,B10,-0.0686,0.3891,0.65,,heat,0.209
10.0,mean z,B,B11,-0.061,0.2833,0.5287,,heat,0.209
10.0,mean z,B,B12,0.2462,0.0003,0.0024,UP,heat,0.209
10.0,mean z,B,B13,0.0804,0.242,0.484,,heat,0.209
10.0,mean z,B,B14,-0.0447,0.3946,0.65,,heat,0.209
10.0,mean z,B,B15,0.0184,0.7913,0.8522,,heat,0.209
10.0,mean z,B,B16,-0.1015,0.0591,0.2544,,heat,0.209
10.0,mean z,B,B18,0.0487,0.4985,0.666,,heat,0.209
10.0,transient rate,A,A1,0.0576,0.0003,0.0048,UP,heat,0.209
10.0,transient rate,A,A2,0.0142,0.2241,0.4827,,heat,0.209
10.0,transient rate,A,A3,0.011,0.1935,0.462,,heat,0.209
10.0,transient rate,A,A4,0.0255,0.0182,0.1588,,heat,0.209
10.0,transient rate,A,A5,0.0002,0.9914,0.9914,,heat,0.209
10.0,transient rate,A,A6,0.014,0.098,0.3429,,heat,0.209
10.0,transient rate,A,A7,0.0052,0.5493,0.8095,,heat,0.209
10.0,transient rate,A,A8,-0.0044,0.6191,0.8255,,heat,0.209
10.0,transient rate,A,A9,0.0146,0.0736,0.3429,,heat,0.209
10.0,transient rate,A,A11,0.005,0.5112,0.7952,,heat,0.209
10.0,transient rate,A,A12,0.0138,0.1788,0.462,,heat,0.209
10.0,transient rate,B,B1,-0.0014,0.8952,0.964,,heat,0.209
10.0,transient rate,B,B2,0.0218,0.0966,0.3429,,heat,0.209
10.0,transient rate,B,B3,0.0057,0.583,0.8162,,heat,0.209
10.0,transient rate,B,B4,0.0213,0.0227,0.1588,,heat,0.209
10.0,transient rate,B,B5,-0.0034,0.7377,0.9389,,heat,0.209
10.0,transient rate,B,B6,-0.0091,0.3905,0.729,,heat,0.209
10.0,transient rate,B,B7,-0.0233,0.198,0.462,,heat,0.209
10.0,transient rate,B,B8,0.0147,0.0688,0.3429,,heat,0.209
10.0,transient rate,B,B9,0.0063,0.506,0.7952,,heat,0.209
10.0,transient rate,B,B10,-0.0091,0.4465,0.7815,,heat,0.209
10.0,transient rate,B,B11,0.003,0.8463,0.9479,,heat,0.209
10.0,transient rate,B,B12,0.0393,0.0003,0.0048,UP,heat,0.209
10.0,transient rate,B,B13,0.0174,0.1169,0.3636,,heat,0.209
10.0,transient rate,B,B14,-0.0027,0.7937,0.9479,,heat,0.209
10.0,transient rate,B,B15,0.0109,0.3599,0.7198,,heat,0.209
10.0,transient rate,B,B16,-0.0006,0.9536,0.9889,,heat,0.209
10.0,transient rate,B,B18,0.0029,0.8151,0.9479,,heat,0.209
10.0,high-activity fraction,A,A1,0.163,0.0003,0.0048,UP,heat,0.209
10.0,high-activity fraction,A,A2,0.0468,0.1358,0.4224,,heat,0.209
10.0,high-activity fraction,A,A3,0.0413,0.0818,0.2864,,heat,0.209
10.0,high-activity fraction,A,A4,0.0567,0.0309,0.1444,,heat,0.209
10.0,high-activity fraction,A,A5,-0.0163,0.6525,0.9031,,heat,0.209
10.0,high-activity fraction,A,A6,-0.0019,0.945,0.9735,,heat,0.209
10.0,high-activity fraction,A,A7,0.0012,0.9443,0.9735,,heat,0.209
10.0,high-activity fraction,A,A8,-0.0007,0.9735,0.9735,,heat,0.209
10.0,high-activity fraction,A,A9,0.0046,0.7336,0.9031,,heat,0.209
10.0,high-activity fraction,A,A11,0.0147,0.2705,0.5528,,heat,0.209
10.0,high-activity fraction,A,A12,0.0156,0.2489,0.5528,,heat,0.209
10.0,high-activity fraction,B,B1,-0.011,0.7033,0.9031,,heat,0.209
10.0,high-activity fraction,B,B2,0.1339,0.0172,0.1203,,heat,0.209
10.0,high-activity fraction,B,B3,0.0227,0.4486,0.7389,,heat,0.209
10.0,high-activity fraction,B,B4,0.0356,0.0248,0.1386,,heat,0.209
10.0,high-activity fraction,B,B5,0.0059,0.7418,0.9031,,heat,0.209
10.0,high-activity fraction,B,B6,-0.0174,0.2998,0.5596,,heat,0.209
10.0,high-activity fraction,B,B7,-0.0442,0.1894,0.5304,,heat,0.209
10.0,high-activity fraction,B,B8,0.0184,0.2764,0.5528,,heat,0.209
10.0,high-activity fraction,B,B9,0.0098,0.5383,0.8374,,heat,0.209
10.0,high-activity fraction,B,B10,-0.0132,0.5999,0.884,,heat,0.209
10.0,high-activity fraction,B,B11,-0.0017,0.9209,0.9735,,heat,0.209
10.0,high-activity fraction,B,B12,0.0786,0.0003,0.0048,UP,heat,0.209
10.0,high-activity fraction,B,B13,0.053,0.0031,0.0289,UP,heat,0.209
10.0,high-activity fraction,B,B14,-0.0194,0.0705,0.2819,,heat,0.209
10.0,high-activity fraction,B,B15,0.0182,0.3403,0.5956,,heat,0.209
10.0,high-activity fraction,B,B16,-0.0168,0.2179,0.5528,,heat,0.209
10.0,high-activity fraction,B,B18,0.0059,0.7755,0.9048,,heat,0.209
20.0,mean z,A,A1,0.2675,0.0024,0.0225,UP,pin,0.441
20.0,mean z,A,A2,0.0876,0.1537,0.4203,,pin,0.441
20.0,mean z,A,A3,0.1695,0.0227,0.1271,,pin,0.441
20.0,mean z,A,A4,0.1795,0.001,0.0144,UP,pin,0.441
20.0,mean z,A,A5,-0.1,0.1801,0.4203,,pin,0.441
20.0,mean z,A,A6,-0.011,0.8762,0.9017,,pin,0.441
20.0,mean z,A,A7,0.0487,0.2668,0.521,,pin,0.441
20.0,mean z,A,A8,0.1249,0.0694,0.3241,,pin,0.441
20.0,mean z,A,A9,0.095,0.1729,0.4203,,pin,0.441
20.0,mean z,A,A11,0.0648,0.1282,0.4203,,pin,0.441
20.0,mean z,A,A12,0.0327,0.4111,0.6231,,pin,0.441
20.0,mean z,B,B1,0.0781,0.3228,0.5317,,pin,0.441
20.0,mean z,B,B2,0.1184,0.5211,0.6949,,pin,0.441
20.0,mean z,B,B3,-0.1556,0.2424,0.521,,pin,0.441
20.0,mean z,B,B4,-0.0181,0.7143,0.8696,,pin,0.441
20.0,mean z,B,B5,-0.0057,0.8866,0.9017,,pin,0.441
20.0,mean z,B,B6,-0.0096,0.9017,0.9017,,pin,0.441
20.0,mean z,B,B7,-0.2072,0.0003,0.0096,DOWN,pin,0.441
20.0,mean z,B,B8,0.0085,0.8384,0.9017,,pin,0.441
20.0,mean z,B,B9,0.0399,0.2829,0.521,,pin,0.441
20.0,mean z,B,B10,-0.0905,0.1152,0.4203,,pin,0.441
20.0,mean z,B,B11,0.0707,0.1368,0.4203,,pin,0.441
20.0,mean z,B,B12,0.0455,0.4228,0.6231,,pin,0.441
20.0,mean z,B,B13,-0.0141,0.7748,0.9017,,pin,0.441
20.0,mean z,B,B14,0.0242,0.6116,0.7783,,pin,0.441
20.0,mean z,B,B15,-0.0541,0.2977,0.521,,pin,0.441
20.0,mean z,B,B16,-0.1064,0.0141,0.0987,,pin,0.441
20.0,mean z,B,B18,0.0463,0.449,0.6285,,pin,0.441
20.0,transient rate,A,A1,0.0306,0.0096,0.1348,,pin,0.441
20.0,transient rate,A,A2,0.0189,0.0636,0.3501,,pin,0.441
20.0,transient rate,A,A3,-0.0,0.9914,0.9914,,pin,0.441
20.0,transient rate,A,A4,0.0075,0.4043,0.8085,,pin,0.441
20.0,transient rate,A,A5,-0.0171,0.1241,0.3643,,pin,0.441
20.0,transient rate,A,A6,-0.0019,0.7841,0.9914,,pin,0.441
20.0,transient rate,A,A7,0.0026,0.7068,0.9914,,pin,0.441
20.0,transient rate,A,A8,0.0113,0.1691,0.3643,,pin,0.441
20.0,transient rate,A,A9,0.0132,0.1554,0.3643,,pin,0.441
20.0,transient rate,A,A11,-0.0012,0.8677,0.9914,,pin,0.441
20.0,transient rate,A,A12,-0.0004,0.9763,0.9914,,pin,0.441
20.0,transient rate,B,B1,0.0174,0.1595,0.3643,,pin,0.441
20.0,transient rate,B,B2,0.009,0.5064,0.8861,,pin,0.441
20.0,transient rate,B,B3,-0.0118,0.1554,0.3643,,pin,0.441
20.0,transient rate,B,B4,-0.0012,0.8652,0.9914,,pin,0.441
20.0,transient rate,B,B5,-0.0072,0.4496,0.8393,,pin,0.441
20.0,transient rate,B,B6,0.0019,0.8608,0.9914,,pin,0.441
20.0,transient rate,B,B7,-0.0477,0.0003,0.0096,DOWN,pin,0.441
20.0,transient rate,B,B8,-0.0012,0.9065,0.9914,,pin,0.441
20.0,transient rate,B,B9,0.0007,0.9302,0.9914,,pin,0.441
20.0,transient rate,B,B10,-0.0171,0.088,0.3501,,pin,0.441
20.0,transient rate,B,B11,0.0242,0.0203,0.142,,pin,0.441
20.0,transient rate,B,B12,0.0253,0.0144,0.1348,,pin,0.441
20.0,transient rate,B,B13,0.0174,0.1,0.3501,,pin,0.441
20.0,transient rate,B,B14,0.0019,0.8336,0.9914,,pin,0.441
20.0,transient rate,B,B15,-0.0174,0.0969,0.3501,,pin,0.441
20.0,transient rate,B,B16,-0.0012,0.8924,0.9914,,pin,0.441
20.0,transient rate,B,B18,0.0015,0.9034,0.9914,,pin,0.441
20.0,high-activity fraction,A,A1,0.0755,0.0251,0.2567,,pin,0.441
20.0,high-activity fraction,A,A2,0.0468,0.1107,0.5166,,pin,0.441
20.0,high-activity fraction,A,A3,0.0014,0.935,0.935,,pin,0.441
20.0,high-activity fraction,A,A4,0.0173,0.44,0.7101,,pin,0.441
20.0,high-activity fraction,A,A5,-0.0655,0.0457,0.32,,pin,0.441
20.0,high-activity fraction,A,A6,-0.0201,0.4565,0.7101,,pin,0.441
20.0,high-activity fraction,A,A7,0.0101,0.4204,0.7101,,pin,0.441
20.0,high-activity fraction,A,A8,0.0298,0.0275,0.2567,,pin,0.441
20.0,high-activity fraction,A,A9,0.0165,0.2028,0.5364,,pin,0.441
20.0,high-activity fraction,A,A11,-0.0103,0.4469,0.7101,,pin,0.441
20.0,high-activity fraction,A,A12,-0.0031,0.823,0.8885,,pin,0.441
20.0,high-activity fraction,B,B1,0.0559,0.0736,0.412,,pin,0.441
20.0,high-activity fraction,B,B2,0.0347,0.5717,0.8002,,pin,0.441
20.0,high-activity fraction,B,B3,-0.0398,0.2076,0.5364,,pin,0.441
20.0,high-activity fraction,B,B4,0.0037,0.7649,0.8885,,pin,0.441
20.0,high-activity fraction,B,B5,0.0071,0.6978,0.8495,,pin,0.441
20.0,high-activity fraction,B,B6,-0.002,0.9103,0.935,,pin,0.441
20.0,high-activity fraction,B,B7,-0.0958,0.0003,0.0096,DOWN,pin,0.441
20.0,high-activity fraction,B,B8,-0.0073,0.6287,0.8002,,pin,0.441
20.0,high-activity fraction,B,B9,-0.0027,0.825,0.8885,,pin,0.441
20.0,high-activity fraction,B,B10,-0.0171,0.4025,0.7101,,pin,0.441
20.0,high-activity fraction,B,B11,0.0071,0.6201,0.8002,,pin,0.441
20.0,high-activity fraction,B,B12,0.0249,0.1891,0.5364,,pin,0.441
20.0,high-activity fraction,B,B13,0.0252,0.1306,0.5225,,pin,0.441
20.0,high-activity fraction,B,B14,-0.0061,0.4998,0.7366,,pin,0.441
20.0,high-activity fraction,B,B15,-0.0209,0.3114,0.7101,,pin,0.441
20.0,high-activity fraction,B,B16,-0.0122,0.3874,0.7101,,pin,0.441
20.0,high-activity fraction,B,B18,-0.0232,0.2107,0.5364,,pin,0.441
20.0,mean z,A,A1,0.3245,0.0055,0.077,,heat,0.295
20.0,mean z,A,A2,0.0904,0.1935,0.5419,,heat,0.295
20.0,mean z,A,A3,0.1632,0.0612,0.2142,,heat,0.295
20.0,mean z,A,A4,0.2154,0.0038,0.077,,heat,0.295
20.0,mean z,A,A5,-0.081,0.3458,0.6359,,heat,0.295
20.0,mean z,A,A6,-0.0222,0.7862,0.9172,,heat,0.295
20.0,mean z,A,A7,0.0514,0.3018,0.6036,,heat,0.295
20.0,mean z,A,A8,0.0949,0.2475,0.5775,,heat,0.295
20.0,mean z,A,A9,0.058,0.5015,0.7548,,heat,0.295
20.0,mean z,A,A11,0.006,0.8979,0.9747,,heat,0.295
20.0,mean z,A,A12,0.0458,0.3018,0.6036,,heat,0.295
20.0,mean z,B,B1,-0.0214,0.7305,0.8893,,heat,0.295
20.0,mean z,B,B2,0.3858,0.0605,0.2142,,heat,0.295
20.0,mean z,B,B3,-0.1392,0.3634,0.6359,,heat,0.295
20.0,mean z,B,B4,0.0603,0.2417,0.5775,,heat,0.295
20.0,mean z,B,B5,-0.0324,0.5497,0.7695,,heat,0.295
20.0,mean z,B,B6,-0.1041,0.0241,0.1348,,heat,0.295
20.0,mean z,B,B7,-0.2167,0.0096,0.0898,,heat,0.295
20.0,mean z,B,B8,0.0192,0.703,0.8893,,heat,0.295
20.0,mean z,B,B9,-0.0009,0.9883,0.9928,,heat,0.295
20.0,mean z,B,B10,-0.1143,0.0911,0.2834,,heat,0.295
20.0,mean z,B,B11,0.0419,0.4713,0.7548,,heat,0.295
20.0,mean z,B,B12,0.1202,0.0406,0.1893,,heat,0.295
20.0,mean z,B,B13,-0.0071,0.9051,0.9747,,heat,0.295
20.0,mean z,B,B14,-0.0004,0.9928,0.9928,,heat,0.295
20.0,mean z,B,B15,0.0221,0.6611,0.8814,,heat,0.295
20.0,mean z,B,B16,-0.1358,0.0138,0.0963,,heat,0.295
20.0,mean z,B,B18,0.0461,0.5122,0.7548,,heat,0.295
20.0,transient rate,A,A1,0.0418,0.0086,0.1203,,heat,0.295
20.0,transient rate,A,A2,0.0078,0.4297,0.8021,,heat,0.295
20.0,transient rate,A,A3,0.0044,0.6119,0.9357,,heat,0.295
20.0,transient rate,A,A4,0.0146,0.1231,0.5775,,heat,0.295
20.0,transient rate,A,A5,-0.0047,0.7088,0.9357,,heat,0.295
20.0,transient rate,A,A6,0.009,0.3369,0.7523,,heat,0.295
20.0,transient rate,A,A7,-0.0012,0.934,0.9686,,heat,0.295
20.0,transient rate,A,A8,0.0022,0.7686,0.9357,,heat,0.295
20.0,transient rate,A,A9,0.0112,0.2578,0.7219,,heat,0.295
20.0,transient rate,A,A11,0.0067,0.3805,0.7611,,heat,0.295
20.0,transient rate,A,A12,0.018,0.0643,0.5775,,heat,0.295
20.0,transient rate,B,B1,-0.0046,0.7645,0.9357,,heat,0.295
20.0,transient rate,B,B2,0.0146,0.2984,0.7523,,heat,0.295
20.0,transient rate,B,B3,-0.0058,0.5703,0.9357,,heat,0.295
20.0,transient rate,B,B4,0.0123,0.1757,0.6148,,heat,0.295
20.0,transient rate,B,B5,-0.0013,0.8886,0.9659,,heat,0.295
20.0,transient rate,B,B6,-0.0125,0.2214,0.6887,,heat,0.295
20.0,transient rate,B,B7,-0.0251,0.1444,0.5775,,heat,0.295
20.0,transient rate,B,B8,0.0044,0.7002,0.9357,,heat,0.295
20.0,transient rate,B,B9,0.0022,0.8728,0.9659,,heat,0.295
20.0,transient rate,B,B10,-0.0182,0.0966,0.5775,,heat,0.295
20.0,transient rate,B,B11,0.018,0.1334,0.5775,,heat,0.295
20.0,transient rate,B,B12,0.0327,0.0028,0.077,,heat,0.295
20.0,transient rate,B,B13,0.0067,0.6562,0.9357,,heat,0.295
20.0,transient rate,B,B14,-0.0001,0.9859,0.9859,,heat,0.295
20.0,transient rate,B,B15,0.0123,0.3493,0.7523,,heat,0.295
20.0,transient rate,B,B16,0.0067,0.5167,0.9042,,heat,0.295
20.0,transient rate,B,B18,-0.0012,0.8969,0.9659,,heat,0.295
20.0,high-activity fraction,A,A1,0.1096,0.0168,0.2358,,heat,0.295
20.0,high-activity fraction,A,A2,0.019,0.5411,0.7575,,heat,0.295
20.0,high-activity fraction,A,A3,0.0201,0.4187,0.7327,,heat,0.295
20.0,high-activity fraction,A,A4,0.0213,0.4084,0.7327,,heat,0.295
20.0,high-activity fraction,A,A5,-0.0435,0.1987,0.5783,,heat,0.295
20.0,high-activity fraction,A,A6,-0.0048,0.8127,0.9481,,heat,0.295
20.0,high-activity fraction,A,A7,0.0043,0.7552,0.9481,,heat,0.295
20.0,high-activity fraction,A,A8,0.0179,0.2228,0.5783,,heat,0.295
20.0,high-activity fraction,A,A9,0.0031,0.8116,0.9481,,heat,0.295
20.0,high-activity fraction,A,A11,0.0133,0.3022,0.6043,,heat,0.295
20.0,high-activity fraction,A,A12,0.0156,0.2362,0.5783,,heat,0.295
20.0,high-activity fraction,B,B1,0.0009,0.9622,0.9622,,heat,0.295
20.0,high-activity fraction,B,B2,0.1004,0.0557,0.3898,,heat,0.295
20.0,high-activity fraction,B,B3,-0.0071,0.8065,0.9481,,heat,0.295
20.0,high-activity fraction,B,B4,0.028,0.0495,0.3898,,heat,0.295
20.0,high-activity fraction,B,B5,0.002,0.8952,0.9583,,heat,0.295
20.0,high-activity fraction,B,B6,-0.0195,0.2633,0.5783,,heat,0.295
20.0,high-activity fraction,B,B7,-0.0446,0.1667,0.5783,,heat,0.295
20.0,high-activity fraction,B,B8,0.0121,0.5208,0.7575,,heat,0.295
20.0,high-activity fraction,B,B9,-0.0014,0.9223,0.9583,,heat,0.295
20.0,high-activity fraction,B,B10,-0.0298,0.1763,0.5783,,heat,0.295
20.0,high-activity fraction,B,B11,0.011,0.4627,0.7331,,heat,0.295
20.0,high-activity fraction,B,B12,0.0552,0.0062,0.1733,,heat,0.295
20.0,high-activity fraction,B,B13,0.0269,0.1523,0.5783,,heat,0.295
20.0,high-activity fraction,B,B14,-0.0071,0.4713,0.7331,,heat,0.295
20.0,high-activity fraction,B,B15,0.0201,0.2685,0.5783,,heat,0.295
20.0,high-activity fraction,B,B16,-0.0173,0.1963,0.5783,,heat,0.295
20.0,high-activity fraction,B,B18,-0.0014,0.924,0.9583,,heat,0.295
30.0,mean z,A,A1,0.3054,0.0003,0.0048,UP,pin,0.49
30.0,mean z,A,A2,0.125,0.0691,0.2418,,pin,0.49
30.0,mean z,A,A3,0.1114,0.1509,0.3035,,pin,0.49
30.0,mean z,A,A4,0.1357,0.0674,0.2418,,pin,0.49
30.0,mean z,A,A5,0.0127,0.8436,0.9448,,pin,0.49
30.0,mean z,A,A6,0.1957,0.1306,0.3035,,pin,0.49
30.0,mean z,A,A7,0.0492,0.2561,0.3984,,pin,0.49
30.0,mean z,A,A8,0.1529,0.044,0.2053,,pin,0.49
30.0,mean z,A,A9,0.1967,0.0096,0.0898,,pin,0.49
30.0,mean z,A,A11,0.0651,0.1557,0.3035,,pin,0.49
30.0,mean z,A,A12,0.0568,0.1413,0.3035,,pin,0.49
30.0,mean z,B,B1,0.0997,0.1928,0.3375,,pin,0.49
30.0,mean z,B,B2,-0.0222,0.9099,0.9579,,pin,0.49
30.0,mean z,B,B3,0.1128,0.3455,0.4606,,pin,0.49
30.0,mean z,B,B4,-0.0236,0.6562,0.7829,,pin,0.49
30.0,mean z,B,B5,0.045,0.3455,0.4606,,pin,0.49
30.0,mean z,B,B6,-0.0612,0.2843,0.419,,pin,0.49
30.0,mean z,B,B7,-0.2459,0.0003,0.0048,DOWN,pin,0.49
30.0,mean z,B,B8,0.0041,0.9237,0.9579,,pin,0.49
30.0,mean z,B,B9,0.0214,0.5483,0.6978,,pin,0.49
30.0,mean z,B,B10,-0.0871,0.1626,0.3035,,pin,0.49
30.0,mean z,B,B11,0.0888,0.1145,0.3035,,pin,0.49
30.0,mean z,B,B12,0.09,0.099,0.3035,,pin,0.49
30.0,mean z,B,B13,-0.002,0.9649,0.9649,,pin,0.49
30.0,mean z,B,B14,0.0579,0.2444,0.3984,,pin,0.49
30.0,mean z,B,B15,-0.0269,0.671,0.7829,,pin,0.49
30.0,mean z,B,B16,-0.1107,0.0179,0.1251,,pin,0.49
30.0,mean z,B,B18,0.1331,0.0237,0.1328,,pin,0.49
30.0,transient rate,A,A1,0.0334,0.0113,0.0794,,pin,0.49
30.0,transient rate,A,A2,0.0243,0.0199,0.1117,,pin,0.49
30.0,transient rate,A,A3,-0.0082,0.296,0.8287,,pin,0.49
30.0,transient rate,A,A4,-0.0034,0.7322,0.9629,,pin,0.49
30.0,transient rate,A,A5,-0.0078,0.4809,0.9629,,pin,0.49
30.0,transient rate,A,A6,0.0007,0.9433,0.9629,,pin,0.49
30.0,transient rate,A,A7,0.0011,0.8996,0.9629,,pin,0.49
30.0,transient rate,A,A8,0.0093,0.2427,0.8287,,pin,0.49
30.0,transient rate,A,A9,0.0227,0.0578,0.231,,pin,0.49
30.0,transient rate,A,A11,-0.0005,0.9488,0.9629,,pin,0.49
30.0,transient rate,A,A12,0.0043,0.713,0.9629,,pin,0.49
30.0,transient rate,B,B1,0.0138,0.2674,0.8287,,pin,0.49
30.0,transient rate,B,B2,0.0007,0.9532,0.9629,,pin,0.49
30.0,transient rate,B,B3,-0.0059,0.6597,0.9629,,pin,0.49
30.0,transient rate,B,B4,-0.0052,0.5084,0.9629,,pin,0.49
30.0,transient rate,B,B5,-0.0034,0.7676,0.9629,,pin,0.49
30.0,transient rate,B,B6,-0.0012,0.9271,0.9629,,pin,0.49
30.0,transient rate,B,B7,-0.0486,0.0031,0.0433,DOWN,pin,0.49
30.0,transient rate,B,B8,-0.0039,0.6999,0.9629,,pin,0.49
30.0,transient rate,B,B9,-0.0018,0.8226,0.9629,,pin,0.49
30.0,transient rate,B,B10,-0.0064,0.5277,0.9629,,pin,0.49
30.0,transient rate,B,B11,0.0284,0.0017,0.0433,UP,pin,0.49
30.0,transient rate,B,B12,0.0297,0.01,0.0794,,pin,0.49
30.0,transient rate,B,B13,0.0215,0.0578,0.231,,pin,0.49
30.0,transient rate,B,B14,0.0038,0.6573,0.9629,,pin,0.49
30.0,transient rate,B,B15,-0.0111,0.3304,0.8409,,pin,0.49
30.0,transient rate,B,B16,-0.0005,0.9629,0.9629,,pin,0.49
30.0,transient rate,B,B18,0.0106,0.3768,0.8791,,pin,0.49
30.0,high-activity fraction,A,A1,0.0903,0.0223,0.2085,,pin,0.49
30.0,high-activity fraction,A,A2,0.0492,0.1193,0.4726,,pin,0.49
30.0,high-activity fraction,A,A3,-0.0262,0.2475,0.63,,pin,0.49
30.0,high-activity fraction,A,A4,-0.0096,0.768,0.9184,,pin,0.49
30.0,high-activity fraction,A,A5,-0.0475,0.1688,0.4726,,pin,0.49
30.0,high-activity fraction,A,A6,0.019,0.4579,0.8547,,pin,0.49
30.0,high-activity fraction,A,A7,0.0008,0.9677,0.9935,,pin,0.49
30.0,high-activity fraction,A,A8,0.0265,0.0382,0.2137,,pin,0.49
30.0,high-activity fraction,A,A9,0.0426,0.0003,0.0096,UP,pin,0.49
30.0,high-activity fraction,A,A11,-0.0187,0.1623,0.4726,,pin,0.49
30.0,high-activity fraction,A,A12,0.0063,0.6999,0.9184,,pin,0.49
30.0,high-activity fraction,B,B1,0.0535,0.143,0.4726,,pin,0.49
30.0,high-activity fraction,B,B2,-0.001,0.9935,0.9935,,pin,0.49
30.0,high-activity fraction,B,B3,0.0088,0.7456,0.9184,,pin,0.49
30.0,high-activity fraction,B,B4,-0.0148,0.2932,0.6842,,pin,0.49
30.0,high-activity fraction,B,B5,0.0129,0.4527,0.8547,,pin,0.49
30.0,high-activity fraction,B,B6,-0.0026,0.8852,0.9533,,pin,0.49
30.0,high-activity fraction,B,B7,-0.0914,0.0058,0.0818,,pin,0.49
30.0,high-activity fraction,B,B8,-0.0101,0.626,0.9184,,pin,0.49
30.0,high-activity fraction,B,B9,0.0077,0.5978,0.9184,,pin,0.49
30.0,high-activity fraction,B,B10,-0.0076,0.7312,0.9184,,pin,0.49
30.0,high-activity fraction,B,B11,0.0163,0.3383,0.7286,,pin,0.49
30.0,high-activity fraction,B,B12,0.0399,0.0316,0.2137,,pin,0.49
30.0,high-activity fraction,B,B13,0.0283,0.1437,0.4726,,pin,0.49
30.0,high-activity fraction,B,B14,-0.0035,0.7872,0.9184,,pin,0.49
30.0,high-activity fraction,B,B15,-0.0128,0.6071,0.9184,,pin,0.49
30.0,high-activity fraction,B,B16,-0.0039,0.7838,0.9184,,pin,0.49
30.0,high-activity fraction,B,B18,0.0029,0.8807,0.9533,,pin,0.49
30.0,mean z,A,A1,0.3723,0.0003,0.0096,UP,heat,0.345
30.0,mean z,A,A2,0.1361,0.0378,0.1733,,heat,0.345
30.0,mean z,A,A3,0.1162,0.1915,0.367,,heat,0.345
30.0,mean z,A,A4,0.1386,0.0626,0.1946,,heat,0.345
30.0,mean z,A,A5,-0.0166,0.8388,0.847,,heat,0.345
30.0,mean z,A,A6,0.1295,0.3077,0.5067,,heat,0.345
30.0,mean z,A,A7,0.025,0.5772,0.7346,,heat,0.345
30.0,mean z,A,A8,0.1437,0.1059,0.2958,,heat,0.345
30.0,mean z,A,A9,0.1788,0.043,0.1733,,heat,0.345
30.0,mean z,A,A11,0.0181,0.7071,0.792,,heat,0.345
30.0,mean z,A,A12,0.0919,0.0234,0.1636,,heat,0.345
30.0,mean z,B,B1,0.0143,0.8329,0.847,,heat,0.345
30.0,mean z,B,B2,0.2077,0.406,0.5693,,heat,0.345
30.0,mean z,B,B3,0.0198,0.847,0.847,,heat,0.345
30.0,mean z,B,B4,0.0664,0.1774,0.367,,heat,0.345
30.0,mean z,B,B5,0.0309,0.6456,0.7532,,heat,0.345
30.0,mean z,B,B6,-0.1164,0.021,0.1636,,heat,0.345
30.0,mean z,B,B7,-0.1899,0.0433,0.1733,,heat,0.345
30.0,mean z,B,B8,0.0396,0.3537,0.5502,,heat,0.345
30.0,mean z,B,B9,0.0213,0.6246,0.7532,,heat,0.345
30.0,mean z,B,B10,-0.0917,0.1966,0.367,,heat,0.345
30.0,mean z,B,B11,0.0728,0.2221,0.3886,,heat,0.345
30.0,mean z,B,B12,0.1699,0.0021,0.0289,UP,heat,0.345
30.0,mean z,B,B13,0.0417,0.4572,0.6096,,heat,0.345
30.0,mean z,B,B14,0.0719,0.1612,0.367,,heat,0.345
30.0,mean z,B,B15,0.0475,0.4067,0.5693,,heat,0.345
30.0,mean z,B,B16,-0.1113,0.0626,0.1946,,heat,0.345
30.0,mean z,B,B18,0.1266,0.1162,0.2958,,heat,0.345
30.0,transient rate,A,A1,0.0454,0.0021,0.0433,UP,heat,0.345
30.0,transient rate,A,A2,0.017,0.1134,0.5294,,heat,0.345
30.0,transient rate,A,A3,-0.0044,0.595,0.8415,,heat,0.345
30.0,transient rate,A,A4,0.0013,0.8683,0.9123,,heat,0.345
30.0,transient rate,A,A5,-0.0021,0.8694,0.9123,,heat,0.345
30.0,transient rate,A,A6,0.0119,0.2155,0.6706,,heat,0.345
30.0,transient rate,A,A7,-0.0061,0.4967,0.8415,,heat,0.345
30.0,transient rate,A,A8,0.0015,0.857,0.9123,,heat,0.345
30.0,transient rate,A,A9,0.022,0.0602,0.4211,,heat,0.345
30.0,transient rate,A,A11,0.0106,0.1564,0.5595,,heat,0.345
30.0,transient rate,A,A12,0.0212,0.0354,0.3305,,heat,0.345
30.0,transient rate,B,B1,-0.0078,0.6047,0.8415,,heat,0.345
30.0,transient rate,B,B2,0.0061,0.6899,0.8558,,heat,0.345
30.0,transient rate,B,B3,-0.0019,0.8797,0.9123,,heat,0.345
30.0,transient rate,B,B4,0.0058,0.5576,0.8415,,heat,0.345
30.0,transient rate,B,B5,0.0052,0.6311,0.8415,,heat,0.345
30.0,transient rate,B,B6,-0.0106,0.3111,0.7259,,heat,0.345
30.0,transient rate,B,B7,-0.0191,0.309,0.7259,,heat,0.345
30.0,transient rate,B,B8,0.004,0.703,0.8558,,heat,0.345
30.0,transient rate,B,B9,0.0001,0.9959,0.9959,,heat,0.345
30.0,transient rate,B,B10,-0.007,0.6071,0.8415,,heat,0.345
30.0,transient rate,B,B11,0.0217,0.0866,0.4851,,heat,0.345
30.0,transient rate,B,B12,0.0352,0.0031,0.0433,UP,heat,0.345
30.0,transient rate,B,B13,0.017,0.1598,0.5595,,heat,0.345
30.0,transient rate,B,B14,0.0065,0.5064,0.8415,,heat,0.345
30.0,transient rate,B,B15,0.0142,0.263,0.7259,,heat,0.345
30.0,transient rate,B,B16,0.0097,0.3424,0.7374,,heat,0.345
30.0,transient rate,B,B18,0.0073,0.5548,0.8415,,heat,0.345
30.0,high-activity fraction,A,A1,0.127,0.0003,0.0048,UP,heat,0.345
30.0,high-activity fraction,A,A2,0.0275,0.4407,0.7488,,heat,0.345
30.0,high-activity fraction,A,A3,-0.009,0.7246,0.8436,,heat,0.345
30.0,high-activity fraction,A,A4,-0.0095,0.7181,0.8436,,heat,0.345
30.0,high-activity fraction,A,A5,-0.0421,0.2118,0.7488,,heat,0.345
30.0,high-activity fraction,A,A6,0.0181,0.5229,0.7488,,heat,0.345
30.0,high-activity fraction,A,A7,-0.011,0.4455,0.7488,,heat,0.345
30.0,high-activity fraction,A,A8,0.0161,0.2664,0.7488,,heat,0.345
30.0,high-activity fraction,A,A9,0.0366,0.0333,0.3112,,heat,0.345
30.0,high-activity fraction,A,A11,0.0043,0.7532,0.8436,,heat,0.345
30.0,high-activity fraction,A,A12,0.0217,0.1042,0.5833,,heat,0.345
30.0,high-activity fraction,B,B1,0.0029,0.8972,0.9304,,heat,0.345
30.0,high-activity fraction,B,B2,0.0577,0.3596,0.7488,,heat,0.345
30.0,high-activity fraction,B,B3,0.0183,0.6191,0.788,,heat,0.345
30.0,high-activity fraction,B,B4,0.0094,0.5139,0.7488,,heat,0.345
30.0,high-activity fraction,B,B5,0.0114,0.4259,0.7488,,heat,0.345
30.0,high-activity fraction,B,B6,-0.0119,0.5325,0.7488,,heat,0.345
30.0,high-activity fraction,B,B7,-0.0262,0.4331,0.7488,,heat,0.345
30.0,high-activity fraction,B,B8,0.0114,0.5679,0.7572,,heat,0.345
30.0,high-activity fraction,B,B9,0.014,0.3884,0.7488,,heat,0.345
30.0,high-activity fraction,B,B10,-0.0172,0.5349,0.7488,,heat,0.345
30.0,high-activity fraction,B,B11,0.0192,0.3032,0.7488,,heat,0.345
30.0,high-activity fraction,B,B12,0.0713,0.0003,0.0048,UP,heat,0.345
30.0,high-activity fraction,B,B13,0.0397,0.0447,0.3128,,heat,0.345
30.0,high-activity fraction,B,B14,-0.0009,0.933,0.933,,heat,0.345
30.0,high-activity fraction,B,B15,0.0257,0.2056,0.7488,,heat,0.345
30.0,high-activity fraction,B,B16,-0.0031,0.8477,0.9129,,heat,0.345
30.0,high-activity fraction,B,B18,0.0198,0.4098,0.7488,,heat,0.345
